IdEstacionMeteorologica;Nombre;Huso;X;Y;codigoalternativo;identificadoraemet;fechabaja
0;Por definir;240;;13213465;;;
010001;VITORIA AERÓDROMO;;;;;9087;
010002;FORONDA-TXOKIZA;;;;;9091O;
010003;VITORIA GASTEIZ AEROPUERTO;;;;;9091R;
020001;HELLÍN;;;;;7096B;
020002;ALBACETE BASE AÉREA;;;;;8175;
020003;CHINCHILLA;;;;;8177A;
020004;ALBACETE;;;;;8178D;
020005;IHELLN/ IALBACET;0;0;0;;;
020006;ITOBAR;0;0;0;;;
020007;IONTUR;0;0;0;;;
020008;IPEASD;0;0;0;;;
020009;IELCHE;0;0;0;;;
020010;IPOZUE;0;0;0;;;
020011;IMOLIN;0;0;0;;;
020012;IANA/IAYNA;0;0;0;;;
020013;ICASAS;0;0;0;;;
020014;IYESTE;0;0;0;;;
020015;IPOZOH;0;0;0;;;
020016;IVILLA;0;0;0;;;
020017;IRIPAR;0;0;0;;;
020018;IPATER;0;0;0;;;
020019;IBOGAR;0;0;0;;;
020020;IALCAR;0;0;0;;;
020021;ISOCOV;0;0;0;;;
020022;ILETUR;0;0;0;;;
020023;INERPI;0;0;0;;;
020024;IABENG1;0;0;0;;;
020025;IALBAC16;0;0;0;;;
020026;IALBAC19;0;0;0;;;
020027;IALBAC31;0;0;0;;;
020028;IALBAC33;0;0;0;;;
020029;IALBAC55;0;0;0;;;
020030;IALBAC58;0;0;0;;;
020031;IALBAC57;0;0;0;;;
020032;IALBAC38;0;0;0;;;
020033;IALBAC35;0;0;0;;;
020034;IALBAC48;0;0;0;;;
020035;IALBAC56;0;0;0;;;
020036;IALBAC34;0;0;0;;;
020037;IALBOR4;0;0;0;;;
020038;IALCAL142;0;0;0;;;
020039;IALMAN11;0;0;0;;;
020040;IALMAN14;0;0;0;;;
020041;IALMAN15;0;0;0;;;
020042;IALMAN16;0;0;0;;;
020043;IALMAN17;0;0;0;;;
020044;IALMAN20;0;0;0;;;
020045;IALMAN22;0;0;0;;;
020046;IALMAN23;0;0;0;;;
020047;IALMAN8;0;0;0;;;
020049;IBALAZ6;0;0;0;;;
020050;IBARRA36;0;0;0;;;
020051;ICASAS6;0;0;0;;;
020052;ICASAS13;0;0;0;;;
020053;ICASAS9;0;0;0;;;
020054;ICAUDE1;0;0;0;;;
020055;ICAUDE10;0;0;0;;;
020056;ICAUDE8;0;0;0;;;
020057;ICAUDE9;0;0;0;;;
020058;ICAUDETE1;0;0;0;;;
020059;ICAUDETE2;0;0;0;;;
020060;ICENIZ1;0;0;0;;;
020061;ICHINC48;0;0;0;;;
020062;ICHINC43;0;0;0;;;
020063;ICHINC36;0;0;0;;;
020064;ICORRA13;0;0;0;;;
020065;ICMELBON2;0;0;0;;;
020066;IELBON1;0;0;0;;;
020067;IENGUE9;0;0;0;;;
020068;IFUENS5;0;0;0;;;
020069;IFUENT112;0;0;0;;;
020070;IFUENT56;0;0;0;;;
020071;IHELLIN10;0;0;0;;;
020072;IHIGUE5;0;0;0;;;
020073;IHOYAG1;0;0;0;;;
020074;IINIES2;0;0;0;;;
020075;IJORQU2;0;0;0;;;
020076;ILAGIN2;0;0;0;;;
020077;IMAHOR20;0;0;0;;;
020078;IMAHOR5;0;0;0;;;
020079;IMAHOR9;0;0;0;;;
020080;IMINAY3;0;0;0;;;
020081;IMINAY5;0;0;0;;;
020082;IMOTIL12;0;0;0;;;
020083;IMOTIL3;0;0;0;;;
020084;IPTROL8;0;0;0;;;
020085;IVILLE208;0;0;0;;;
020086;IPOZOH5;0;0;0;;;
020087;IPOZUE29;0;0;0;;;
020088;ITARAZ19;0;0;0;;;
020089;ITARAZ22;0;0;0;;;
020090;ITOBAR12;0;0;0;;;
020091;ITOBAR13;0;0;0;;;
020092;ITOBAR15;0;0;0;;;
020093;IVILLA1117;0;0;0;;;
020094;ICASTILL60;0;0;0;;;
020095;IDILLA569;0;0;0;;;
020096;IDILLA895;0;0;0;;;
020097;ONTUR C.U. / CENTRO;0;0;0;;SUREMET;
020098;EL MADROÑO;0;0;0;;SUREMET;
020099;POZUELO - LA ERA;0;0;0;;SUREMET;
020100;POZUELO C.U.;0;0;0;;SUREMET;
020101;EL SAHÚCO;0;0;0;;SUREMET;
020102;EL BERRO;0;0;0;;SUREMET;
020103;NAVA DE ARRIBA;0;0;0;;;
020104;RINCÓN DEL MORO;0;0;0;;;
020105;LA CARRASQUILLA;0;0;0;;;
020106;POLOPE;0;0;0;;;
020107;TOBARRA-LOS GREDEROS (MAÑÁN);0;0;0;;;
020108;TORRE-UCHEA;0;0;0;;;
020109;LAS HAZAS-CASA POTRILLA;0;0;0;;;
020110;ISSO-COOPERATIVA;0;0;0;;;
020111;HELLÍN C.U. / Bº PALOMAR;0;0;0;;;
020112;TAZONA;0;0;0;;;
020113;ELCHE DE LA SIERRA C.U.;0;0;0;;;
020114;LAS MIELERAS-DEHESA DE AYNA;0;0;0;;;
020115;CASA DE LO ALTO-LA SARGUILLA;0;0;0;;;
020116;AYNA C.U.;0;0;0;;;
020117;BOGARRA C.U.;0;0;0;;;
020118;BATÁN DEL PUERTO;0;0;0;;;
020119;PATERNA DEL MADERA C.U.;0;0;0;;;
020120;ALCARAZ C.U. ;0;0;0;;;
020121;PLAÑEL - EL MAJAL;0;0;0;;;
020122;LA FUENSANTA;0;0;0;;;
020123;YESTE C.U. / CENTRO;0;0;0;;;
020124;MOROPECHE;0;0;0;;;
020125;ALDEA DE TÚS;0;0;0;;;
020126;MAJADA-CARRASCA;0;0;0;;;
020127;CAMPING RÍO TÚS;0;0;0;;;
020128;LOS COLLADOS;0;0;0;;;
020129;VILLAVERDE DE GUADALIMAR C.U.;0;0;0;;;
020130;CAMPAMENTO DE SAN JUAN;0;0;0;;;
020131;PSICIFACTORÍA MUNDOVA;0;0;0;;;
020132;RIÓPAR C.U. / LA FONTANILLA;0;0;0;;;
020133;FUENTE EL OJICO;0;0;0;;;
020134;CERRO SAN JORGE;0;0;0;;;
020135;C.U. CENTRO. CASA DE VES;0;0;0;;;
020136;C.U. CENTRO CARCELÉN;0;0;0;;;
020137;C.U. CENTRO. ABENJIBRE;0;0;0;;;
020138;C.U. CENTRO. CENIZATE;0;0;0;;;
020139;C.U. CENTRO. MAHORA;0;0;0;;;
020140;C.U. CENTRO VILLAMALEA;0;0;0;;;
020141;C.U. CENTRO. BONILLO;0;0;0;;;
020142;C.U. CENTRO. FUENSANTA;0;0;0;;;
020143;COOPERATIVA MINAYA;0;0;0;;;
020144;C.U. ESTE. ALBACETE;0;0;0;;;
020145;BARRIO SAN PEDRO. ALBACETE;0;0;0;;;
020146;AGUAS NUEVAS. ALBACETE;0;0;0;;;
020147;EL SALOBRAL;0;0;0;;;
020148;C.U. CENTRO. CHINCHILLA;0;0;0;;;
020149;C.U.CENTRO.VILLAR DE CHINCHILL;0;0;0;;;
020150;C.U. POCICO ARENAS;0;0;0;;;
020151;SANTUARIO DE BELÉN;0;0;0;;;
020152;C.U. CENTRO. CORRAL RUBIO;0;0;0;;;
020153;PETROLA C.U.;0;0;0;;;
020154;LOS ESPETONES. ALMANSA;0;0;0;;;
020155;C.U. CENTRO. ALMANSA;0;0;0;;;
020156;C.U.MERCADO CENTRAL. ALMANSA;0;0;0;;;
020157;C.U. PROTECCIÓN CIVIL. ALMANSA;0;0;0;;;
020158;CASA ALFONSO. ALMANSA;0;0;0;;;
020159;VENTA DEL PUERTO.PUERTO ALMANS;0;0;0;;;
020160;FINCA MATAPORRAS. ALMANSA;0;0;0;;;
020161;LENTISCO. CAUDETE;0;0;0;;;
020162;C.U. CENTRO. CAUDETE;0;0;0;;;
020163;HERRADA JACINTO. CAUDETE;0;0;0;;;
020164;FUENTELAMO C.U. ;0;0;0;;;
020165;Otra Provincia (Jumilla);0;0;0;IJUMIL38;;
020166;Otra provincia (La Matea);0;0;0;ISANTI44;;
030001;Maigmó;;;;;;
030002;Coll de Rates;;;;;;
030003;Fuente Roja;;;;;;
030004;Mariola;;;;;;
030005;Almisera;;;;;;
030006;Aitana;;;;;;
030007;Reconco;;;;;;
030008;Salviar;;;;;;
030009;Santa Faz;;;;;;
030010;Cocoll;;;;;;
030011;Serrella;;;;;;
030012;Aixorta;;;;;;
030013;Cabezo;;;;;;
030014;Reclot;;;;;;
030015;Portátil;0;0;0;2;;
030016;Aeropuerto l'Altet;30;712468;423998;;;
030017;EL PINÓS/PINOSO;;;;;7247X;
030018;ALICANTE-ELCHE AEROPUERTO;;;;;8019;
030019;ALACANT/ALICANTE;;;;;8025;
030020;JÁVEA/ XÀBIA;;;;;8050X;
040001;María;;;;;;
040002;Serón;;;;;;
040003;Abla;;;;;6302A;
040004;Alhama;;;;;;
040005;ADRA;;;;;6277B;
040006;ROQUETAS DE MAR;;;;;6293X;
040007;ALMERÍA;;;;;6297;
040008;ALMERÍA AEROPUERTO;;;;;6325O;
040009;CARBONERAS;;;;;6332X;
040010;HUÉRCAL-OVERA;;;;;6367B;
040011;ALBORÁN;;;;;6381;
040012;EL EJIDO_SIVA08;0;0;0;SIVA08;;
040013;EL BOTICARIO_SIVA61;0;0;0;SIVA61;;
040014;LA JOYA_SIVA62;0;0;0;SIVA62;;
040015;RAIF ABLA_AL006;0;0;0;RAIF_AL006;;
040016;RAIF_LAUJAR DE ANDARAX_AL011;0;0;0;RAIF_AL011;;
040017;LA MOJONERA_RIA0401;0;0;0;;;
040018;TABERNAS_RIA0404;0;0;0;;;
040019;HUERCAL OVERA_RIA0407;0;0;0;;;
040020;NIJAR_RIA0411;0;0;0;;;
040021;TIJOLA_RIA0412;0;0;0;;;
040022;CUEVAS DE ALMANZORA_RIA0408;0;0;0;;;
040023;ALMERIA_RIA0402;0;0;0;;;
040024;RAIF_SAN ISIDRO DE NIJAR_AL001;0;0;0;;;
040025;BERJA_SIMIF;0;0;0;;;
040026;ALBOX_PART006;0;0;0;;;
040027;FIÑANA_SIMIF;0;0;0;;;
040028;BENAHADUX_SIVA60;0;0;0;;;
040029;FIÑANA_RIA0405;0;0;0;RIA0405;;
040030;ANTAS_RAIFAL002;0;0;0;RAIFAL002;;
040031;CUEVAS_RIA0406;0;0;0;RIA0406;;
050001;METEOSIG ;0;0;0;;;
050002;OTRA PROVINCIA;0;0;0;;;
050003;ESTACION PORTATIL;0;0;0;;;
050004;MUÑOTELLO;30;326896;4490073;;2430Y;
050005;GOTARRENDURA;30;353118;4521223;;2453E;
050006;AREVALO;30;4521223;4548124;;2456B;
050007;RIVILLA DE BARAJAS;30;329925;4527645;;2512Y;
050008;BARCO DE AVILA;30;286072;4470238;;2828Y;
050009;PUERTO EL PICO;30;329039;4467409;;3319D;
050010;CEBREROS;30;376580;4480666;;3337U;
050011;CANDELEDA;30;303093;4445766;;3422D;
050012;Candeleda;0;0;0;;;
050013;Las Tejoneras;0;0;0;;;
050014;El Alijar;30;4494031;111110;;;
050015;PIEDRAGUDA;30;319628;4473551;;;
05B001;Cebreros;;;;;;
05B002;Piedralaves;;;;;;
05B003;El Barco;;;;;;
05B004;Puerto el Pico;;;;;;
05I001;Nava de Arévalo;;;;;;
05T001;C.F. Arenas;;;;;;
05T002;Cabeza Mesada;;;;;;
05T003;Cruz de Seroles;;;;;;
05T004;El Amoclén;;;;;;
05T005;El Refugio;;;;;;
05T006;La Cebrera;;;;;;
05T007;La Cuquilla;;;;;;
05T008;La Lastra;;;;;;
05T009;La Pinosa;;;;;;
05T010;La Sillita;;;;;;
05T011;Las Portillas;;;;;;
05T012;Orzaduero;;;;;;
05T013;ÁVILA;;;;;2444;
05T014;ÁVILA, AYUNTAMIENTO;;;;;2444C;
05T015;NAVARREDONDA DE GREDOS;;;;;2811A;
05T016;SOTILLO DE LA ADRADA;;;;;3391;
060001;Sagrajas;;;;;;
060002;Mérida;;;;;4410X;
060003;Villagonzalo;;;;;;
060004;Villafranca de los Barros;;;;;;
060005;Palazuelo;;;;;;
060006;Don Benito;;;;;4358X;
060007;Zalamea;;;;;;
060008;Monterrubio;;;;;;
060009;Jerez de los Caballeros;;;;;4511C;
060010;Olivenza;;;;;;
060011;Almendralejo;;;;;;
060012;Talavera la Real;;;;;;
060013;Guadajira- La Orden;;;;;;
060014;Azuaga;30;265006;4238939;;;
060015;Fregenal de la Sierra;0;0;0;;;
060016;BADAJOZ AEROPUERTO;;;;;4452;
060017;ZAFRA;0;0;0;;;
070000;Estación portátil;;;;;;
070001;Albufera;;;;;;
070002;Eivissa aeroport;;;;;B954;
070003;Son San Joan;;;;;B278;
070004;Menorca aeroport;;;;;B893;
070005;Randa;;;;;;
070006;S'Hostalet;;;;;;
070007;Santa Magdalena;;;;;;
070008;Es Reco;;;;;;
070009;Garrafa;;;;;;
070010;San Jordi;;;;;;
070011;Tudossa;;;;;;
070012;Son Vida;;;;;;
070013;Sant Salvador;;;;;;
070014;Mondrago;;;;;;
070015;La Victoria;;;;;;
070016;Sobremunt;;;;;;
070017;Galatzo;;;;;;
070018;Alfabia;;;;;;
070019;Son Segui;;;;;;
070020;Puig Pollença;;;;;;
070021;Penyal d'Honor;;;;;;
070022;Fornalutx;;;;;;
070023;Sant Josep;;;;;;
070024;Sant Llorenç;;;;;;
070025;Sant Joan;;;;;;
070026;Corb Mari;;;;;;
070027;Camp Vell;;;;;;
070028;Sant Vicenç;;;;;;
070029;Monte Toro;;;;;;
070030;S'Enclusa;;;;;;
070031;Porto Pi;;;;;;
070032;Dique del Oeste;;;;;;
070033;Cas Catala;;;;;;
070034;Valldemosa;;;;;;
070035;Serra d'Alfabia;;;;;;
070036;Lluc;;;;;;
070037;Port de Pollença;;;;;;
070038;Sa Canova;;;;;;
070039;Campanet;;;;;;
070040;Son Esteras;;;;;;
070041;Porreres;;;;;B346X;
070042;Portocolom;;;;;B434X;
070043;Faro;;;;;;
070044;La Mola;;;;;;
070045;ESCORCA, LLUC;;;;;B013X;
070046;PALMA, PUERTO;;;;;B228;
070047;SIERRA DE ALFABIA, BUNYOLA;;;;;B248;
070048;CAPDEPERA;;;;;B569X;
070049;SA POBLA;;;;;B691Y;
080001;Estació portàtil;;;;;;
080002;Canaletes;;;;;;
080003;Font-rubí;;;;;;
080004;la Granada;;;;;;
080005;Sant Martí Sarroca;;;;;;
080006;Els Hostalets de Pierola;;;;;;
080007;Òdena;;;;;;
080008;Castellnou de Bages;;;;;;
080009;El Pont de Vilomara;;;;;;
080010;Montserrat;;;;;;
080011;Sant Salvador de Guardiola;;;;;;
080012;Begues;;;;;;
080013;Vallirana;;;;;;
080014;Viladecans;;;;;;
080015;Badalona;;;;;;
080016;Barcelona-Fabra;;;;;;
080017;Barcelona-Ciutadella;;;;;;
080018;Santuari de Queralt;;;;;;
080019;Gisclareny;;;;;;
080020;Guardiola de Berguedà;;;;;;
080021;la Quar;;;;;;
080022;Das;;;;;;
080023;Malniu;;;;;;
080024;Cadí Nord;;;;;;
080025;Sant Pere de Ribes;;;;;;
080026;Cabrils;;;;;;
080027;Dosrius;;;;;;
080028;Malgrat de Mar;;;;;;
080029;Vilassar de Mar;;;;;;
080030;Gurb;;;;;;
080031;Montesquiu;;;;;;
080032;Muntanyola;;;;;;
080033;Orís;;;;;;
080034;Perafita;;;;;;
080035;Viladrau;;;;;;
080036;Viladrau;;;;;;
080037;Vilanova de Sau;;;;;;
080038;Cerdanyola;;;;;;
080039;Rellinars;;;;;;
080040;Sant Llorenç Savall;;;;;;
080041;Vacarisses;;;;;;
080042;Caldes de Montbui;;;;;;
080043;Montmeló;;;;;;
080044;Tagamanent;;;;;;
080045;Vilanova del Vallès;;;;;;
080046;Sant Sadurni d'Anoia;0;0;0;;;
080047;SABADELL (PARC AGRARI);0;0;0;;;
080048;Sant Dimes;0;0;0;;;
080049;SANT CUGAT DEL VALLÈS;0;0;0;;;
080050;ÓDENA;0;0;0;;;
080051; Parets del Vallès;0;0;0;;;
080052;FOGARS DE LA SELVA;0;0;0;;;
080053;CASTELLBISBAL;0;0;0;;;
080054;EL PRAT DE LLOBREGAT;0;0;0;;;
080055;ÁREA DE INICIO DEL INCENDIO;0;0;0;;;
080056;LA PANADELLA;0;0;0;;;
080057;Artés;0;0;0;;;
080058;Sant Celoni;0;0;0;;;
080059;VIC;0;0;0;;;
080060;PARETS DEL VALLÈS;0;0;0;;;
080061;CANYELLES;0;0;0;;;
080062;PUIG SES OLLES;0;0;0;;;
080063;ODENA ;0;0;0;;;
080064;VALLIRANA;0;0;0;;;
080065;BARCELONA AEROPUERTO;;;;;0076;
080066;MANRESA;;;;;0149X;
080067;BARCELONA, FABRA;;;;;0200E;
080068;BARCELONA;;;;;0201D;
080069;SABADELL AEROPUERTO;;;;;0229I;
080070;ARENYS DE MAR;;;;;0252D;
080071;SANTA SUSANNA;;;;;0255B;
09B001;Medina de Pomar;;;;;9051;
09B002;Pradoluengo;;;;;;
09I001;Miranda de Ebro;;;;;;
09I002;Valle de Valdelucio;;;;;;
09I003;Lerma;;;;;;
09I004;Tardajos;;;;;;
09I005;Valdocondes;;;;;;
09I006;Valle de Losa;0;0;0;;;
09I007;Condado de Treviño;;;;;;
09I008;Santa Gadea del Cid.;0;0;0;;;
09I009;Fuentecantos (SO);;;;;;
09T001;Central;;;;;;
09T002;La Demanda;;;;;;
09T003;C.F. Quintanar;;;;;;
09T004;El Peñedo;;;;;;
09T005;Carmona;;;;;;
09T006;C.F. Hontoria;;;;;;
09T007;Costalago;;;;;;
09T008;La Calabaza;;;;;;
09T009;El Cerro;;;;;;
09T010;San Cristobal;;;;;;
09T011;El Castro;;;;;;
09T012;Castillo;;;;;;
09T013;Salegar;;;;;;
09T014;Gayubar;;;;;;
09T015;Peñaguda;;;;;;
09T016;Alto Casarejos;;;;;;
09T017;Las Zarras;;;;;;
09T018;Montemayor;;;;;;
09T019;Valdesosoldo;;;;;;
09T020;Páramo de Masa;;;;;;
09T021;Cielma;;;;;;
09T022;C.F. Oña;;;;;;
09T023;Susenes;;;;;;
09T024;Tablones;;;;;;
09T025;Colladio;;;;;;
09T026;Alto Bedón;;;;;;
09T027;Alto de Guardia;;;;;;
09T028;C.F. nava;;;;;;
09T029;Los Mazos;;;;;;
09T030;Treviño;;;;;;
09T031;Alto Mancubo;;;;;;
09T032;Peña Lastra;;;;;;
09T033;Nava de Mena;0;0;0;;;
09T034;ARANDA DE DUERO;;;;;2117D;
09T035;PALACIOS DE LA SIERRA;;;;;2298;
09T036;BURGOS AEROPUERTO;;;;;2331;
09T037;BELORADO;;;;;9111;
1;En el lugar del incendio;0;0;;;;
100001;Hurdes-Azabal;;;;;;
100002;Zarza de Granadilla;;;;;;
100003;Gargantilla;;;;;;
100004;Valdastillas;;;;;;
100005;Moraleja;;;;;;
100006;Aldehuela del Jerte;;;;;;
100007;Coria;;;;;;
100008;Jarandilla;;;;;;
100009;Talayuela;;;;;;
100010;Tejeda de Tiétar;;;;;;
100011;Casatejada;;;;;;
100012;Peraleda de la Mata;;;;;;
100013;Valdesalor;;;;;;
100014;Madrigalejo;;;;;;
100015;Pinofranqueado;;;;;;
100016;Cáceres UMMT;;;;;;
100017;Madrigal de la Vera;0;0;0;;;
100018;Guadalupe;0;0;0;;;
100019;Aldeanueva de la Vera;0;0;0;;;
100020;CÁCERES;;;;;3469A;
100021;PLASENCIA;;;;;3519X;
100022;CORIA;;;;;3526X;
100023;VALENCIA DE ALCÁNTARA;;;;;3576X;
110001;COP Cádiz;;;;;;
110002;Alcalá de los Gazules;;;;;;
110003;Algodonales;;;;;;
110004;Facinas;;;;;;
110005;La Jarda;;;;;;
110006;Fates;;;;;;
110007;Puerto de las Yeguas;;;;;;
110008;Jerez de la Frontera Bta;;;;;;
110009;Jerez de la Frontera;;;;;;
110010;Sanlúcar de Barrameda;;;;;;
110011;Villamartín;;;;;;
110012;Conil de la Frontera;;;;;;
110013;Vejer de la Frontera;;;;;5995B;
110014;Jimena de la Frontera;;;;;;
110015;Puerto de Santa María;;;;;;
110016;Biif Cádiz;;;;;;
110017;ROTA, BASE NAVAL;;;;;5910;
110018;GRAZALEMA;;;;;5911A;
110019;JEREZ FRONTERA AEROPUERTO;;;;;5960;
110020;SAN FERNANDO;;;;;5972X;
110021;CÁDIZ;;;;;5973;
110022;TARIFA;;;;;6001;
120001;Torreciprés (Morella);;;;;;
120002;Vallibona (Morella);;;;;;
120003;Creu de Gelat (Cinctorres);;;;;;
120004;San Jordi;;;;;;
120005;Ameler (Alcalá de Xivert);;;;;;
120006;Peñagolosa (Vistabella);;;;;;
120007;Sta. Bárbara (Pina Montalgrao);;;;;;
120008;Desierto las Palmas (Benicasim;;;;;;
120009;Peña Amador (El Toro-Bejis);;;;;;
120010;Alto del Pinar (Villamalur);;;;;;
120011;Boqueras (Altura);;;;;;
120012;Puntal del Aljibe (Eslida);;;;;;
120013;Tristany (Segor;;;;;;
120014;Fredes (Pobla de Benifassá);;;;;;
120015;Lloma Bernat (Xodos);;;;;;
120016;Cabezó (Luceda del Cid);;;;;;
120017;Subarra (Benlloch);;;;;;
120018;Picayo (Villfranca del Cid);;;;;;
120019;Canalises ;0;0;0;;;
120020;Frontón (Montanejos);;;;;;
120021;Turmell (Chert);;;;;;
120022;La Muela (Fanzara);;;;;;
120023;Canals (Castell de Cabres);;;;;;
120024;Pico del Águila (Segorbe);;;;;;
120025;Central de Castellón;;;;;;
120026;Feliciano (Jérica);;;;;;
120027;San José (La Salzadella);;;;;;
120028;Portátil;0;0;0;2;;
120029;VILLAFRANCA CID/VILLAFRANCA;;;;;8489X;
120030;CASTELLÓ - ALMASSORA;;;;;8500A;
120031;CASTELLÓ DE LA PLANA;;;;;8501;
120032;VINARÒS;;;;;8523X;
120033;CASTELLFORT;;;;;9563X;
130002;Base La Garganta;;;;;;
130003;Base Riofrio;;;;;;
130004;Base de La Atalaya;;;;;;
130005;Gomez Ibañez;30;;;;;
130006;Base HC Robledo del Buey (To);;;;;;
130007;Base de Alcoba;30;381268;4350622;;;
130008;Base de Villahermosa;30;513675;4288959;;;
130009;TOMELLOSO;;;;;4103X;
130010;CIUDAD REAL;;;;;4121;
130011;CIUDAD REAL, INSTITUTO;;;;;4121C;
130012;VALDEPEÑAS;;;;;4147X;
130013;VISO DEL MARQUÉS;;;;;4148;
130014;PUEBLA DE DON RODRIGO;;;;;4220X;
140001;En el lugar del incendio;;;;;;
140710;C. Agricultura y Pesca;;;;;;
140711;HINOJOSA DEL DUQUE;;;;;4267X;
140712;VILLANUEVA DE CÓRDOBA;;;;;5390Y;
140713;CÓRDOBA AEROPUERTO;;;;;5402;
140714;DOÑA MENCÍA;;;;;5427X;
150001;Rus;29;525592;4778204;;;2017-02-08T00:00:00
150002;Sin referencia en FIRESP;29;0;0;;;2019-07-01T00:00:00
150004;O val;29;564357;4822686;;;2017-02-08T00:00:00
150005;Guísamo;29;558411;4795413;;;2017-02-08T00:00:00
150006;Xanceda;29;559687;4770175;;;2017-02-08T00:00:00
150007;Muxía;29;483257;4770939;;;2017-02-08T00:00:00
150008;Paramos;29;524522;4761070;;;2017-02-08T00:00:00
150011;Costa;29;523695;4738310;;;2017-02-08T00:00:00
150012;Cespón;29;511929;4724695;;;2017-02-08T00:00:00
150013;Xustas;29;623253;4782264;;;2017-02-08T00:00:00
150014;Vilamor;29;634294;4812895;;;2017-02-08T00:00:00
150015;Labrada;29;621301;4806932;;;2017-02-08T00:00:00
150016;Lanzós;29;609804;4803313;;;2017-02-08T00:00:00
150020;Morelle;29;632368;4739484;;;2017-02-08T00:00:00
150021;San Fiz;29;605115;4718805;;;2017-02-08T00:00:00
150023;San Clodio;29;640824;4702617;;;2017-02-08T00:00:00
150024;Olveda;29;595578;4730301;;;2017-02-08T00:00:00
150025;Lourenzá;29;641531;4699764;;;2017-02-08T00:00:00
150026;EVEGA Leiro;29;572606;4690044;;;2017-02-08T00:00:00
150027;Xinzo;29;604750;4659332;;;2017-02-08T00:00:00
150029;Vilamartín;29;657813;4695953;;;2017-02-08T00:00:00
150030;Larouco;29;651828;4690519;;;2017-02-08T00:00:00
150031;Pazo Fontefiz;29;595718;4698127;;;2017-02-08T00:00:00
150032;Arnoia;29;570066;4679150;;;2017-02-08T00:00:00
150033;Prado;29;576916;4684873;;;2017-02-08T00:00:00
150034;Ponte da Boga;29;629076;4693993;;;2017-02-08T00:00:00
150035;Rubiá;29;669576;4701973;;;2017-02-08T00:00:00
150036;Tioira;29;613733;4681157;;;2017-02-08T00:00:00
150037;Montederramo;29;623402;4680907;;;2017-02-08T00:00:00
150038;Corzos;29;665762;4675120;;;2017-02-08T00:00:00
150040;Riós;29;642019;4648609;;;2017-02-08T00:00:00
150041;A Trabe;29;650316;4640057;;;2017-02-08T00:00:00
150042;A Mezquita;29;661557;4653552;;;2017-02-08T00:00:00
150043;Calvos;29;591545;4646115;;;2017-02-08T00:00:00
150044;Barxés;29;586557;4647206;;;2017-02-08T00:00:00
150045;Remuíño;29;571647;4676902;;;2017-02-08T00:00:00
150046;A Granxa;29;539231;4669927;;;2017-02-08T00:00:00
150050;Mouriscade;29;570773;4718356;;;2017-02-08T00:00:00
150051;Camanzo;29;555730;4736527;;;2017-02-08T00:00:00
150053;Louredo;29;533920;4673450;;;2017-02-08T00:00:00
150056;Areas;29;526932;4653263;;;2017-02-08T00:00:00
150057;Torrequintáns;29;523286;4709471;;;2017-02-08T00:00:00
150060;Quinta de Couselo;29;514169;4642564;;;2017-02-08T00:00:00
150061;Areeiro;29;526855;4694795;;;2017-02-08T00:00:00
150062;A Capela;29;576507;4811011;;;2017-02-08T00:00:00
150063;Boimorto;29;569808;4764792;;;2017-02-08T00:00:00
150064;Castro;29;622476;4779244;;;2017-02-08T00:00:00
150070;Sin referencia en FIRESP;29;0;0;;;2019-07-01T00:00:00
150072;Sin referencia en FIRESP;29;0;0;;;2019-07-01T00:00:00
150074;Sin referencia en FIRESP;29;0;0;;;2019-07-01T00:00:00
150075;Sin referencia en FIRESP;29;0;0;;;2019-07-01T00:00:00
150076;Sin referencia en FIRESP;29;0;0;;;2019-07-01T00:00:00
150102;10141 - Aldea Nova;29;570028;4823655;;;
150105;10143 - Cariño;29;591531;4842964;;;
150106;10050 - CIS Ferrol;29;560453;4815671;;;
150115;10046 - Marco da Curra;29;589608;4799514;;;
150121;10092 - Punta Candieira;29;576339;4839470;;;
150127;10097 - Serra da Faladoira;29;597767;4827254;;;
150208;14000 - Coruña Dique;29;550658;4801551;;;
150213;10045 - Mabegondo;29;559894;4787889;;;
150214;10093 - Malpica;29;513254;4798147;;;
150222;14003 - Punta Langosteira;29;537991;4799488;;;
150223;10096 - Río do Sol;29;525142;4771438;;;
150303;10144 - Arzúa;29;567344;4753590;;;
150316;10089 - Melide;29;583042;4751037;;;
150318;10094 - Olas;29;558611;4774933;;;
150319;19071 - Ordes;29;547856;4768620;;;
150320;19003 - Pazo de Galegos;29;546230;4737074;;;
150325;10124 - Santiago-EOAS;29;535976;4747139;;;
150326;10095 - Sergude;29;544033;4741285;;;
150407;10049 - Corrubedo;29;497646;4711423;;;
150411;19010 - Lesende;29;513332;4738779;;;
150417;10052 - Muralla;29;518302;4732591;;;
150424;10128 - Sálvora;29;498872;4701395;;;
150501;10153 - A Gándara;29;495360;4772829;;;
150504;10800 - Camariñas;29;485488;4774656;;;
150509;10139 - Coto Muiño;29;502021;4764037;;;
150510;10087 - Fontecada;29;510734;4757343;;;
150512;10135 - Lira;29;489688;4738066;;;
151142;Sin referencia en FIRESP;29;0;0;;;2019-07-01T00:00:00
151501;Sin referencia en FIRESP;29;0;0;;;2019-07-01T00:00:00
151502;Sin referencia en FIRESP;29;0;0;;;2019-07-01T00:00:00
151505;Sin referencia en FIRESP;29;0;0;;;2019-07-01T00:00:00
151511;Sin referencia en FIRESP;29;0;0;;;2019-07-01T00:00:00
151512;Sin referencia en FIRESP;29;0;0;;;2019-07-01T00:00:00
151515;Sin referencia en FIRESP;29;0;0;;;2019-07-01T00:00:00
151521;Sin referencia en FIRESP;29;0;0;;;2019-07-01T00:00:00
151551;Sin referencia en FIRESP;29;0;0;;;2019-07-01T00:00:00
153214;Sin referencia en FIRESP;29;0;0;;;2019-07-01T00:00:00
154232;Sin referencia en FIRESP;29;0;0;;;2019-07-01T00:00:00
157611;Sin referencia en FIRESP;29;0;0;;;2019-07-01T00:00:00
157612;ESTACA DE BARES;;;;;1351;
157613;A CORUÑA;;;;;1387;
157614;A CORUÑA AEROPUERTO;;;;;1387E;
157615;CABO VILÁN;;;;;1393;
157616;FISTERRA;;;;;1400;
157617;SANTIAGO COMPOSTELA AEROPUERTO;;;;;1428;
157618;MONTE IROITE;;;;;1437O;
157619;PADRÓN;;;;;1473A;
157620;SANTIAGO DE COMPOSTELA;;;;;1475X;
160000;Central Incendios Cuenca;;;;;;
160001;El Sanchón;30;560784;4357796;;;
160002;Pedernoso;30;520780;4369517;;;
160003;El Picazo;30;578256;4367851;;;
160004;Barajas de Melo;30;505513;4440733;;;
160005;Cañete;30;615300;4432004;;;
160006;Mariana I;30;573328;4447007;;;
160007;Villaconejos de Trabaque;30;557380;4474087;;;
160008;Villanueva de La Jara;30;599384;4362528;;;
160009;Mariana ;30;573223;4445249;;;
160593;Base BRIF Cuenca;30;592695;4446327;;;
168096;Cuenca INM;30;574101;4435749;;;
168225;Cañada del Hoyo;30;594355;4424554;;;
168226;CAÑIZARES;;;;;3044X;
168227;TARANCÓN;;;;;3094B;
168228;SAN CLEMENTE;;;;;4090Y;
168229;CUENCA;;;;;8096;
170001;Estació portàtil;;;;;;
170002;Cabanes d'Empordà;;;;;;
170003;Castelló d'Empúries;;;;;;
170004;Espolla;;;;;;
170005;Portbou;;;;;;
170006;Roses;;;;;;
170007;Sant Pere Pescador;;;;;;
170008;Torroella de Fluvià;;;;;;
170009;Ventalló;;;;;;
170010;Castell d'Aro;;;;;;
170011;La Bisbal d'Empordà;;;;;;
170012;la Tallada d'Empordà;;;;;;
170013;Monells;;;;;;
170014;Parlavà;;;;;;
170015;Torroella de Montgrí;;;;;;
170016;Banyoles;;;;;;
170017;Molló;;;;;;
170018;Queralbs;;;;;;
170019;Sant Pau de Seguries;;;;;;
170020;Ulldeter;;;;;;
170021;Anglès;;;;;;
170022;Santa Coloma de Farners;;;;;;
170023;Vilobí d'Onyar;;;;;;
170024;PORTÁTIL D-419;0;0;0;;;
170025;OLOT;0;0;0;;;
170026;LLORET DE MAR ;0;0;0;;;
170027;NAVATA;0;0;0;;;
170028;GIRONA;0;0;0;;;
170029;L`ESTARTIT;0;0;0;;;
170030;Boadella D'Emporda;0;0;0;;;
170031;El Cortalet;0;0;0;;;
170032;Sant Miquel de Fluvià;0;0;0;;;
170033;Verges;0;0;0;;;
170034;RIPOLL;;;;;0324A;
170035;GIRONA AEROPUERTO;;;;;0367;
170036;GIRONA, ANTIC INSTITUT;;;;;0370B;
170037;PORQUERES;;;;;0372C;
170038;LA MOLINA;;;;;9585;
180001;AGRÓN-FATIMBULLAR;0;0;0;;;
180002;Alamedilla;0;0;0;;;
180003;Albolote;;;;;;
180004;ALBOLOTE, APL.  AGRÓN;0;0;0;;;
180005;ALBOLOTE, CORTIJO, ALBARRATE;0;0;0;;;
180007;ALBOLOTE, LOS ARENALES;0;0;0;;;
180008;ALBONDÓN;0;0;0;;;
180009;ALBUÑOL;0;0;0;;;
180010;ALBUÑOL A ÓRGIVA;0;0;0;;;
180011;ALBUÑOL, EL POZUELO;0;0;0;;;
180012;Albuñuelas;;;;;;
180014;Aldeire;;;;;;
180018;ALFACAR, LA ALFAGUARA;;;;;;
180019;Alhama de Granada;;;;;;
180025;Alhendín C. de Aguas;0;0;0;;;
180028;ALMUÑECAR, EL ZAHORÍ;;;;;;
180029;Almuñecar, Maro A HerraduraC.;;;;;;
180031;Alpujarra Sierra, Mecina Bomb.;;;;;;
180032;Alquife, MS Del Marquesado;;;;;;
180033;ARENAS DEL REY, FORNES;;;;;;
180036;Arenas del Rey, Panatan Bermej;;;;;;
180040;Atarfe, Pantano Cubillas;;;;;;
180041;Atarfe, Sea;;;;;;
180046;Baza, I.N.M.;;;;;;
180047;BAZA, INSTITUTO TÉCNICO;;;;;;
180050;BEAS DE GRANADA PUERTO BLANCO;0;0;0;;;
180054;BENAMAUREL;0;0;0;;;
180055;BENAMAUREL, LOS ATOCHARES;0;0;0;;;
180056;BERCHULES;;;;;;
180057;Busquistar, Cjo. La Calahorra;;;;;;
180058;CACÍN;;;;;;
18006;ALBOLOTE, LA COLONIA;0;0;0;;;
180061;Cadiar;;;;;;
180063;CAMPOTÉJAR;0;0;0;;;
180064;Caniles,;;;;;;
180067;CAÑAR, LOS JARALES;;;;;;
180068;Capileira;;;;;;
180071;Castilléjar;0;0;0;;;
180072;CASTILLÉJAR, EL COLEGIO;0;0;0;;;
180073;CASTILLÉJAR, ERA DE ALCUDIA;0;0;0;;;
180074;CASTILLÉJAR, LOS CARRIONES;0;0;0;;;
180075;CASTRIL;0;0;0;;;
180076;CASTRIL, LAS HAZADILLAS;0;0;0;;;
180077;CASTRIL, LAS POCAS;0;0;0;;;
180078;CASTRIL, NACIMIENTO;0;0;0;;;
180079;Chauchina;;;;;;
180081;CHIMENEAS, CASTILLO DE TAJARJA;0;0;0;;;
180082;CHIMENEAS, SANTA CATALINA;0;0;0;;;
180083;COGOLLOS DE GUADIX;;;;;;
180088;CORTES DE BAZA;;;;;;
180089;CORTES Y GRAENA, GRAENA;;;;;;
180091;CÚLLAR;0;0;0;;;
180094;DARRO;0;0;0;;;
180097;Deifontes;;;;;;
180100;Dilar;;;;;;
180102;DÍLAR, EL TORIL;;;;;;
180104;DÓLAR;0;0;0;;;
180105;Durcal, Central;;;;;;
180108;Fonelas;;;;;;
180110;Freila, Negratin;;;;;;
180111;FUENTE VAQUEROS, SERV. PLAGAS;;;;;;
180114;GALERA;;;;;;
180116;GOR;0;0;0;;;
180121;GORAFE;0;0;0;;;
180122;GRANADA, C. DE A.;;;;;;
180124;GRANADA, ESCUELA CAPACITACION;;;;;;
180125;Granada, Generalife;;;;;;
180127;GRANADA, UNIVERSIDAD;;;;;;
180128;GUADAHORTUNA;;;;;;
180129;Guadix, C. de A.;;;;;;
180132;GUADIX, INSTITUTO TÉCNICO;;;;;;
180135;GUAJAR FARAGUIT;;;;;;
180136;Guajar Fondon;;;;;;
180138;GUALCHOS. CASTELLDEFERRO. GRAN;;;;;;
180139;GÜÉJAR SIERRA;;;;;;
180141;Huélago;0;0;0;;;
180143;Huéneja, La Ramblosa;0;0;0;;;
180147;HUÉSCAR, C.P.C.;;;;;;
180153;Huéscar, Sierra Bermeja;;;;;;
180156;HUÉTOR SANTILLÁN;;;;;;
180158;Huetro Tajar;;;;;;
180159;ILLORA;;;;;;
180165;Itrabo;;;;;;
180166;Iznalloz;;;;;;
180172;Jayena;;;;;;
180174;Jerez del Marquesado;0;0;0;;;
180175;Jete;;;;;;
180176;LÁCHAR, PEÑUELAS;;;;;;
180177;LANJARON, ARQUILLA;;;;;;
180178;LANJARON, PAJEROS;;;;;;
180179;LANJARON, POSTURAS;;;;;;
180180;LANJARON, RANCHILLOS;;;;;;
180181;LANJARON, TELLO;;;;;;
180182;LENTEGÍ;0;0;0;;;
180183;Loja, Aforo;;;;;;
180185;LOJA, PTO. ALAZORES, VENTA NVA;;;;;;
180186;LOJA, RIOFRÍO;;;;;;
180188;MOCLÍN;;;;;;
180192;MOLVÍZAR;0;0;0;;;
180194;Monachil;;;;;;
180195;Monachil, Albergue;;;;;;
180196;Monachil, Barrio Alto;;;;;;
180197;Monachil, Cortijo Mimbres;;;;;;
180198;MONTEFRÍO;;;;;;
180199;MONTEJÍCAR;0;0;0;;;
180202;Montillana;0;0;0;;;
180203;MORALEDA ZAFAYONA, CANAL CACIN;;;;;;
180207;Motril;;;;;6268X;
180208;MOTRIL, CLUB NAUTICO;0;0;0;;;
180209;MOTRIL, INSTITUTO  BACHILLERAT;0;0;0;;;
180210;MOTRIL,TORRENUEVA, FARO SACRAT;0;0;0;;;
180211;NEVADA, LAROLES CASA FORESTAL;;;;;;
180212;Nevada, Mairena;;;;;;
180213;NIGÜELAS;0;0;0;;;
180214;NÍVAR;0;0;0;;;
180215;Orce;;;;;;
180216;ORCE, CAÑADA DE CARAVACA;0;0;0;;;
180217;ORCE, EL BOSQUE;0;0;0;;;
180218;ORCE, EL TALE;0;0;0;;;
180219;ORCE, FUENTE NUEVA;0;0;0;;;
180221;Orgiva;;;;;;
180222;ORGIVA, LAS CABRERAS;;;;;;
180226;PADUL. GRANADA;;;;;;
180227;PADUL. AGUADERO GRANADA;;;;;;
180228;Pampainera, Central;;;;;;
180231;PEZA LA;;;;;;
180232;Pinos Genil;;;;;;
180236;Pinos Puente, C. De A;;;;;;
180238;PINOS PUENTE, VIVERO FORESTAL;;;;;;
180239;Piñar, Los Bulares;;;;;;
180241;PÓRTUGOS. GRANADA;;;;;;
180242;PUEBLA D FADRIQUE;0;0;0;;;
180243;PUEBLA D FADRIQUE, ALMACILES;0;0;0;;;
180244;PUEBLA D FADRIQUE, ANAS BLANCA;0;0;0;;;
180245;PUEBLA D FADRIQUE, BUENA VISTA;0;0;0;;;
180246;PUEBLA D FADRIQUE, CANTERO;0;0;0;;;
180247;PUEBLA D FADRIQUE, CASAVARELA;0;0;0;;;
180248;PUEBLA D FADRIQUE, CJOS NUEVOS;0;0;0;;;
180249;PUEBLA D FADRIQUE, EL MARCHAN;0;0;0;;;
180250;PUEBLA D FADRIQUE, ICONA;0;0;0;;;
180251;PUEBLA D FADRIQUE, LOS GUIJARR;0;0;0;;;
180252;Purullena;;;;;;
180253;QUÉNTAR;0;0;0;;;
180254;QUÉNTAR, AGUAS BLANCAS;0;0;0;;;
180255;QUÉNTAR, ICONA;;;;;;
180256;QUÉNTAR, PANTANO QUÉNTAR;0;0;0;;;
180257;QUÉNTAR, TOCÓN;0;0;0;;;
180258;QUÉNTAR, ZAIDÍN;0;0;0;;;
180259;Salobreña, Guadalfeo;0;0;0;;;
180260;SALOBREÑA, SALOBREÑA A AZUCARE;0;0;0;;;
180261;SANTA CRUZ DEL COMERCIO;0;0;0;;;
180262;Santa Fe;;;;;;
180263;Soportújar;0;0;0;;;
180264;SORVILÁN;0;0;0;;;
180265;Tahá La, Pitres;;;;;;
180266;TORRE CARDELA;0;0;0;;;
180267;TORVIZCÓN;0;0;0;;;
180268;Trevélez;;;;;;
180269;Turón;;;;;;
180270;UGÍJAR;30;0;0;;;
180271;UGÍJAR, SEA;0;0;0;;;
180272;Valle del Zalabí;;;;;;
180273;VALLE ZALABÍ, EXFILIANA;0;0;0;;;
180274;Valor, Nechite;;;;;;
180275;Velez Benaudalla, Central;;;;;;
180276;vENTAS DE HUELMA;0;0;0;;;
180277;VENTAS DE HUELMA, CIRCULAR;0;0;0;;;
180278;VILLANUEVA DE LAS TORRES, COLE;0;0;0;;;
180279;VILLANUEVA DE MESÍA, DEHESILLA;0;0;0;;;
180280;La Zubia;0;0;0;;;
180281;Zújar;0;0;0;;;
180282;BAZA;;;;;5047E;
180283;HUÉSCAR;;;;;5051X;
180284;GRANADA BASE AÉREA;;;;;5514;
180285;GRANADA AEROPUERTO;;;;;5530E;
180286;LOJA;;;;;5582A;
190001;Cogolludo;;;;;;
190002;Villares;;;;;;
190003;Los Llanos;;;;;;
190004;Corduente;;;;;;
190005;Prados Redondos;;;;;;
190006;MOLINA DE ARAGÓN;;;;;3013;
190007;SIGÜENZA;;;;;3130C;
190008;GUADALAJARA, INSTITUTO;;;;;3168A;
190009;GUADALAJARA, EL SERRANILLO;;;;;3168C;
190010;GUADALAJARA;;;;;3168D;
200001;Berastegi;0;0;0;;;
200002;Eitzaga;0;0;0;;;
200003;Inurritza;0;0;0;;;
200004;Miramon;0;0;0;;;
200005;Santa Clara;0;0;0;;;
200006;Otra provincia;0;0;0;20G006;;
20G023;Arrasate;;;;;;
20G028;Zegama;;;;;;
20G029;Zizurkil;;;;;;
20G043;Ordizia;;;;;;
20G058;Bidania;;;;;;
20G064;Zarautz;;;;;;
20G071;Jaizkibel;;;;;;
20G072;HONDARRIBIA, MALKARROA;;;;;1014;
20G073;SAN SEBASTIÁN AEROPUERTO;;;;;1014A;
20G074;DONOSTIA, IGUELDO;;;;;1024E;
20G075;ZUMARRAGA;;;;;1037Y;
20G076;ZUMAIA;;;;;1041A;
20G077;ELGOIBAR;;;;;1050J;
210001;Valverde;;;;;;
210002;Unidad Movil;;;;;;
210003;INM;;;;;;
210004;Est. Met. Moguer;;;;;5860E;
210005;AYAMONTE;;;;;4549Y;
210006;ALAJAR;;;;;4560Y;
210007;HUELVA;;;;;4605;
210008;HUELVA, RONDA ESTE;;;;;4642E;
220001;Valle de Hecho, Hecho;30;684122;4734450;;9207 ;
220002;Puxilibro;30;696386;4690474;PF216;;
220003;Sevil;30;746354;4679671;PF218;;
220004;Laguarres, Capella;30;786166;4677950;;9855E ;
220005;Tella-Sin;30;760733;4718526;PF206;;
220006;Güe;30;717437;4717005;PF202;;
220007;Cervín;30;780091;4704416;PF207;;
220008;Loporzano;30;719756;4666652;PF219;;
220009;San Juan del Flumen;30;730307;4626849;PF221;;
220028;Biescas-Búbal;30;719603;4730890;;9453X ;
220058;Monflorite;;;;;;
220099;Ordesa;;;;;;
220579;Candanchu;;;;;;
220998;Monte Incendio;;;;;;
220999;Otras Estaciones;;;;;;
221000;Aínsa, La Serreta;30;758175;4701360;;9808X ;
221001;Almudévar;30;699850;4655860;;9491X ;
221002;Aragüés del Puerto, Depósito;30;690563;4731110;;9208E;
221003;Bailo, Puylato;30;679314;4709170;;9211F ;
221004;Ballobar;30;765588;4612430;;9911X ;
221005;Barbastro;30;760020;4656920;;9866C ;
221006;Bielsa;30;764425;4724770;;9784P;
221007;Canfranc;30;703283;4735980;;9198X ;
221008;Fraga;30;779977;4602450;;9924X ;
221009;Huesca;30;715278;4668482;;9901X ;
221010;Huesca, Aeropuerto;30;721206;4662614;;9898;
221011;Jaca;30;701310;4716970;;9201X ;
221012;Lanaja;30;721659;4628110;;9908X ;
221013;Sabiñanigo;30;717246;4710100;;9460X ;
221014;Sallent de Gallego-Llena Cant;30;723171;4743080;;;
221015;Sariñena, Depostio;30;735882;4631370;;9894Y ;
221016;Seira;30;782291;4708450;;9843A ;
221017;Sopeira;30;808781;4691950;;9751 ;
221018;Tamarite de Litera, La Melusa;30;780647;4630950;;9918Y ;
221019;Torla, Depósito;30;736720;4724600;;9814A;
221020;Benabarre;30;787715;4668130;;9756X ;
221021;Benasque;30;788913;4722470;;9838B ;
221022;Cerler, Cogulla;31;298294;4714326;;9839V ;
221023;Formigal, Sarrios;30;713333;4737738;;9445L;
221024;Astún-La Raca;30;704027;4740853;;9195C;
221025;Panticosa, Petrosos;30;723156;4731595;;9451F ;
221026;Parador de Ordesa, Parque Nac;30;737768;4726615;;9812M ;
221027;Torla-Ordesa, El Cebollar;30;735693;4726637;;9814I ;
221028;Torla-Ordesa;30;736765;4724604;;9814X ;
221029;Fartué;30;744088;4699350;PF213;;
221030;Mas del Hombre;30;753921;4590066;PF222;;
221031;Picardiello;30;725592;4692044;PF203;;
221032;Pico del Águila;30;714162;4686320;PF217;;
221033;Puchinebro;30;707838;4624396;PF224;;
221034;San Quílez;30;787720;4654869;PF210;;
221035;San Salvador;30;687409;4709096;PF204;;
221036;Sierra de Sis;30;799812;4694138;PF208;;
221037;Sierra Dos Ríos;30;682168;4731835;PF201;;
221038;Sierra Mayor;30;677366;4687979;PF220;;
221039;Sierra Salinas;30;680381;4696690;PF215;;
221040;Tozal de Palo;30;766285;4690249;PF212;;
221041;Tozal Gordo;30;768962;4671966;PF211;;
221042;Sotonera_EM38 Ema;30;692607;4664395;EM38;;
221043;METEOSIG;0;0;0;;;
221044;Montearagon_EM77_Ema;30;717760;4673155;EM77;;
221045;Valdabra_E081;30;711379;4660559;E081;;
221046;Ardisa_EM37 Ema;30;685590;4672418;EM37;;
230001;Cazorla;;;;;5038X;
230002;COP Jaén;;;;;;
230003;Huelma;;;;;;
230004;Lugar Nuevo;;;;;;
230005;Siles;;;;;;
230006;Santa Elena;;;;;5246;
230007;Navalcaballo;0;0;0;;;
230008;ARROYO DEL OJANCO;;;;;5181D;
230009;VILLARRODRIGO;;;;;5192;
230010;JAÉN, INSTITUTO;;;;;5270;
230011;JAÉN;;;;;5270B;
230012;ANDÚJAR;;;;;5298X;
24B001;Cueto;;;;;;
24B002;Rabanal;0;0;0;;;
24B003;Camposagrado;;;;;;
24B004;Sahechores;;;;;;
24B005;Tabuyo;;;;;;
24I001;Carracedelo;;;;;;
24I002;Mansilla Mayor;;;;;;
24I003;Cubillas de los Oteros;;;;;;
24I004;Zotes del Páramo;;;;;;
24I005;Quintana del Marco;;;;;;
24I006;Hospital de Orbigo;;;;;;
24I007;Bustillo del Páramo;;;;;;
24I008;Sahagún;;;;;;
24I009;Santas Martas;;;;;;
24T001;Sosas de Laciana;;;;;;
24T002;Pozo Fierro;;;;;;
24T003;Tabillón;0;0;0;;;
24T004;Fombasalla;;;;;;
24T005;Gistredo;;;;;;
24T006;Cueto Rosales;;;;;;
24T007;Guiana;;;;;;
24T008;Veiga;;;;;;
24T009;Baillo;0;0;0;;;
24T010;Castrocontrigo;;;;;;
24T011;Hito Nuevo;;;;;;
24T012;Camposagrado;;;;;;
24T013;Peña Aguda;;;;;;
24T014;Pico Cueto;;;;;;
24T015;Sotillos;;;;;;
24T016;San Jorge;;;;;;
24T017;Manzaneda;0;0;0;;;
24T018;Río Camba;;;;;;
24T019;PONFERRADA;;;;;1549;
24T020;PUERTO DE SAN ISIDRO;;;;;2630X;
24T021;LEÓN, VIRGEN DEL CAMINO;;;;;2661;
24T022;LEÓN AEROPUERTO;;;;;2661B;
24T023;LAGUNAS DE SOMOZA;;;;;2737E;
250001;Estació portàtil;;;;;;
250002;la Seu d'Urgell;;;;;9619;
250003;Oliana;;;;;;
250004;Organyà;;;;;;
250005;el Pont de Suert;;;;;;
250006;Boí;;;;;;
250007;Castelldans;;;;;;
250008;la Granadella;;;;;;
250009;la Vall d'en Bas;;;;;;
250010;Olot;;;;;;
250011;Cassà de la Selva;;;;;;
250012;Fornells de la Selva;;;;;;
250013;Girona;;;;;;
250014;Vilablareix;;;;;;
250015;Albesa;;;;;;
250016;Algerri;;;;;;
250017;Oliola;;;;;;
250018;Ós de Balaguer;;;;;;
250019;Vallfogona de Balaguer;;;;;;
250020;Vilanova de Meià;;;;;;
250021;Isona i Conca Dellà;;;;;;
250022;la Pobla de Segur;;;;;;
250023;Montsec;;;;;;
250024;Bonaigua;;;;;;
250025;Espot;;;;;;
250026;Certascan;;;;;;
250027;Bellvís;;;;;;
250028;Castellnou de Seana;;;;;;
250029;el Poal;;;;;;
250030;Golmes;;;;;;
250031;Miralcamp;;;;;;
250032;Cervera;;;;;;
250033;els Plans de Sió - el Canós;;;;;;
250034;Aitona;;;;;;
250035;Alcarràs;;;;;;
250036;Alfarràs;;;;;;
250037;Gimenells;;;;;;
250038;Lleida - Bordeta;;;;;9771C;
250039;Raïmat;;;;;;
250040;Maials;;;;;;
250041;Serós;;;;;;
250042;Torres de Segre;;;;;;
250043;Clariana de Cardener;;;;;;
250044;Port del Comte;;;;;;
250045;Lladurs;;;;;;
250046;Pinós;;;;;;
250047;Sant Martí de Riucorb;;;;;;
250048;Tàrrega;;;;;9720X;
250049;Tornabous;;;;;;
250050;Sasseuba;;;;;;
250051;Estanh Redon;;;;;;
250052;Vielha e Mijaran;;;;;;
250053;Vall de Toran;0;0;0;;;
250054;D309;0;0;0;;;
250055;BALDOMAR;0;0;0;;;
250056;D269 Estación portátil;0;0;0;;;
250057;D-349;0;0;0;;;
250058;SOLSONA;0;0;0;;;
250059;València d`Àneu;0;0;0;;;
250060;bellestar;0;0;0;;;
250061;ERINYÀ;0;0;0;;;
250062;D-239;0;0;0;;;
250063;D-238;0;0;0;;;
250064;BORGES BLANQUES;0;0;0;;;
250065;SORT;0;0;0;;;
250066;CAMARASA;0;0;0;;;
250067;MASSOTERES;0;0;0;;;
250068;SANT ROMÀ D´ABELLA;0;0;0;;;
250069;ALGUAIRE;0;0;0;;;
250070;RAIMAT;0;0;0;;;
250071;TALARN;;;;;9698U;
250072;LLEIDA, OBSERVATORIO;;;;;9771;
250073;NAUT ARAN, ARTIES;;;;;9990X;
250074;TREMP;0;0;0;;;
250075;Tírvia;0;0;0;;;
260001;AGUILAR;0;0;0;;;
260002;ALFARO;0;0;0;;;
260003;ARNEDILLO;0;0;0;;;
260004;ARNEDO;0;0;0;;;
260005;CALAHORRA;0;0;0;;;
260006;CERVERA;0;0;0;;;
260007;EZCARAY;0;0;0;;;
260008;HARO;0;0;0;;;
260009;LOGROÑO;0;0;0;;9170;
260010;MONCALVILLO;0;0;0;;;
260011;NÁJERA;0;0;0;;;
260012;OCÓN;0;0;0;;;
260013;SAN ROMÁN;0;0;0;;;
260014;SANTA MARINA;0;0;0;;;
260015;SANTO DOMINGO;0;0;0;;;
260016;TORRECILLA;0;0;0;;;
260017;URBAÑA;0;0;0;;;
260018;VILLOSLADA;0;0;0;;;
260019;YERGA;0;0;0;;;
270601;10106 - A Pontenova;29;648495;4800115;;;
270607;10162 - Borreiros;29;610442;4831795;;;
270609;10118 - Burela;29;631069;4833719;;;
270616;10103 - Foz;29;639065;4824257;;;
270617;10088 - Fragavella;29;625702;4812477;;;
270623;10047 - Pedro Murias;29;654870;4822655;;;
270624;10104 - Penedo do Galo;29;615863;4835206;;;
270703;10203 - Alto de Cerredo;29;652255;4771915;;;
270705;10201 - Alto do Poio;29;653484;4730575;;;
270706;10062 - Ancares;29;669792;4743010;;;
270715;19018 - Fontaneira;29;646917;4766386;;;
270721;10132 - O Cebreiro;29;659933;4730144;;;
270722;10136 - O Xipro;29;658657;4782340;;;
270729;10137 - Ventosa;29;670041;4758042;;;
270804;10202 - Alto do Faro;29;591119;4724773;;;
270808;10099 - Bóveda;29;624900;4722814;;;
270812;10100 - Conchada;29;641684;4705893;;;
270814;10102 - Courel;29;648298;4717395;;;
270819;10056 - Marroxo;29;623152;4703408;;;
270820;19022 - Míllara;29;606350;4710037;;;
270902;10098 - Abradelo;29;643325;4734228;;;
270910;10053 - Campus Lugo;29;618454;4761028;;;
270913;10101 - Corno do Boi;29;590199;4765568;;;
270926;10108 - Portomarín;29;612805;4740990;;;
271011;10146 - Castro R. de Lea;29;623097;4779249;;;
271018;10055 - Guitiriz;29;598820;4786703;;;
271025;10105 - Pol;29;639612;4780309;;;
271027;10107 - Sambreixo;29;598296;4777709;;;
271028;LUGO AEROPUERTO;;;;;1505;
271029;Otra provincia;0;0;0;;;
280001;Móvil BH;;;;;;
280006;Cinco Villas;;;;;;
280007;Collado Vihuelas;;;;;;
280016;El Mojón;;;;;;
280023;El Val;;;;;;
280024;Monte de La Marañosa;;;;;;
280027;Cadalso;;;;;;
280029;Cerro de La Almenara;;;;;;
280030;Peña del Sol;;;;;;
280042;El Sotillo;;;;;;
280048;Matalasgrajas;;;;;;
280111;PC;;;;;;
280222;PEC;;;;;;
280333;UMMT;;;;;;
280444;Aplicación Meteo;;;;;;
280555;(EMI) Estación Meteo Incendio;;;;;;
281161;R. San S. Reyes;;;;;;
281175;R. Vamtac Venturada;;;;;;
281261;R. Miraflores;;;;;;
281273;R. NOC Tres Cantos;;;;;;
281351;BH Bustarviejo;;;;;;
281361;R. Puentes Viejas;;;;;;
281362;R. Montejo;;;;;;
281363;R. Canencia;;;;;;
281364;R. Rascafría;;;;;;
281365;R. Buitrago;;;;;;
281366;R. Puebla;;;;;;
281367;R. Berrueco;;;;;;
281368;R. Lozoya;;;;;3110C;
281369;R. Bustarviejo;;;;;;
281370;Ref. Somosierra;;;;;;
281371;Ref. Buitrago;;;;;;
281373;R. NOC Buitrago;;;;;;
281461;R. Pinilla;;;;;;
281462;R. Somosierra;;;;;3111D;
281463;R. Villavieja;;;;;;
282261;R. Alcala Henares;;;;;;
282351;BH Arganda;;;;;;
282365;R. San M. Vega;;;;;;
282371;Ref. Arganda;;;;;;
282373;R. NOC Arganda;;;;;;
283261;R. Navalcarnero;;;;;;
283271;Ref. Boadilla del Monte;;;;;;
283361;R. Colmenar de Oreja;;;;;;
283461;R. Villa del Prado;;;;;;
283551;BH Navas del Rey;;;;;;
283561;R. Cadalso de los Vidrios;;;;;;
283562;R. Navas del Rey;;;;;;
283565;R. San M. Valdeiglesias;;;;;;
283566;R. Cenicientos;;;;;;
283571;Ref. Navas del Rey;;;;;;
283573;R. NOC San M. Valdeiglesias;;;;;;
284161;R. Hoyo de Manzanares;;;;;;
284261;R. Moralzarzal;;;;;;
284265;R. Guadarrama;;;;;;
284351;BH Valdemorillo;;;;;;
284361;R. San Lorenzo Escorial;;;;;;
284362;R. Galapagar;;;;;;
284365;R. Robledo de Chavela;;;;;3338;
284375;R. Vamtac Galapagar;;;;;;
284661;R: Manzanares el Real;;;;;;
284665;R. Cercedilla;;;;;;
284671;Ref. Manzanares el Real;;;;;;
284672;PUERTO DE NAVACERRADA;;;;;2462;
284673;ARANJUEZ;;;;;3100B;
284674;MADRID AEROPUERTO;;;;;3129;
284675;TORREJÓN DE ARDOZ;;;;;3175;
284676;COLMENAR VIEJO;;;;;3191E;
284677;MADRID, CIUDAD UNIVERSITARIA;;;;;3194U;
284678;MADRID, RETIRO;;;;;3195;
284679;MADRID, CUATRO VIENTOS;;;;;3196;
284680;GETAFE;;;;;3200;
284681;PUERTO ALTO DEL LEÓN;;;;;3266A;
290001;En el lugar del incendio;;;;;;
290700;CMT Málaga;;;;;6156X;
290701;CDF Colmenar;;;;;;
290702;Vivero Málaga;;;;;;
290703;Estación Gaucín;;;;;;
290704;CDF Ronda;;;;;6032B;
290705;AEMET;0;0;0;;;
290710;C. Agricultura y Pesca;;;;;;
290711;IFAPA Centro de Campanillas;30;360629;406596;;;
290712;ESTEPONA;;;;;6058I;
290713;FUENGIROLA;;;;;6084X;
290714;ANTEQUERA;;;;;6106X;
290715;MÁLAGA AEROPUERTO;;;;;6155A;
290716;MÁLAGA, PUERTO;;;;;6172O;
290718;TORROX;;;;;6205X;
290719;Churriana;0;0;0;;;
300001;Alquerías;;;;;;
300002;Zarcilla de Ramos;;;;;;
300003;Garita Gavilanes;;;;;;
300004;La Pila;;;;;;
300005;Ricote;;;;;;
300006;El Valle;;;;;;
300007;Garita Mazarrón;;;;;;
300008;Pantano Cenajo;;;;;;
300010;Salinas;;;;;;
300011;Cerrillar;;;;;;
300012;Guadalupe;;;;;;
300013;Invierno;;;;;;
300C52;La Aljorra;;;;;;
301101;Blanca;;;;;;
301301;Calasparra;;;;;;
302801;Garita Moratalla;;;;;;
303401;La Calera;;;;;;
30AL41;Alhama;;;;;;
30CA72;Roche;;;;;;
30CA73;ÁGUILAS;;;;;7002Y;
30CA74;CARTAGENA;;;;;7012C;
30CA75;SAN JAVIER AEROPUERTO 1;;;;;7031;
30CA76;SAN JAVIER AEROPUERTO 2;;;;;7031X;
30CA77;CARAVACA DE LA CRUZ;;;;;7119B;
30CA78;CIEZA;;;;;7145D;
30CA79;MURCIA;;;;;7178I;
30CA80;LORCA;;;;;7209;
30CA81;ALCANTARILLA, BASE AÉREA;;;;;7228;
310001;TAFALLA;;;;;;
310002;PAMPLONA-NOAIN;;;;;9262;
310003;TUDELA-MONTES DEL CIERZO;;;;;;
310004;ESTELLA;;;;;;
310005;LUMBIER;;;;;;
310006;RONCESVALLES;;;;;;
310007;DONEZTEBE-SANTESTEBAN;;;;;;
310008;ETXARRI-ARANAZ;;;;;;
310009;TUDELA-VALDETELLAS;;;;;;
310010;GORRAMENDI;30;626330;4785520;;;
310011;ORREAGA-RONCESVALLES;;;;;;
310012;OSKOTZ;30;601463;4756774;;;
310013;SARTAGUDA;30;578235;4690609;;;
310014;PAMPLONA GN;0;0;0;;;
310015;BAZTAN, IRURITA;;;;;1002Y;
310016;PAMPLONA, AEROPUERTO;;;;;9263D;
310017;ARANGUREN, ILUNDAIN;;;;;9263X;
310018;CADREITA;;;;;9283X;
310019;BARDENAS REALES, BASE AÉREA;;;;;9294E;
320001;Rus;29;525592;4778204;;;2017-02-08T00:00:00
320009;Maroxo;29;569439;4748566;;;2017-02-08T00:00:00
320011;Costa;29;523695;4738310;;;2017-02-08T00:00:00
320013;Xustas;29;623253;4782264;;;2017-02-08T00:00:00
320051;Camanzo;29;555730;4736527;;;2017-02-08T00:00:00
320055;Entenza;29;536200;4657564;;;2017-02-08T00:00:00
320061;Areeiro;29;526855;4694795;;;2017-02-08T00:00:00
320081;Sin referencia en FIRESP;29;0;0;;;2019-07-01T00:00:00
320091;Sin referencia en FIRESP;29;0;0;;;2019-07-01T00:00:00
320092;Sin referencia en FIRESP;29;0;0;;;2019-07-01T00:00:00
320111;Sin referencia en FIRESP;29;0;0;;;2019-07-01T00:00:00
321102;10109 - Amiudal;29;562671;4696094;;;
321201;10057 - Alto do Rodicio;29;616167;4683911;;;
321208;10112 - Gandarela;29;585218;4669572;;;
321211;10113 - Monte Medo;29;613105;4676596;;;
321213;10148 - Ourense;29;594817;4688560;;1690A;
321214;19031 - Pazo de Fontefiz;29;595705;4698128;;;
321303;10114 - As Petarelas;29;670227;4703278;;;
321305;10131 - Cabeza de Manzaneda;29;640352;4680067;;;
321306;10204 - Casaio;29;684090;4690015;;;
321309;10130 - Lardeira;29;682488;4693815;;;
321315;19033 - Ponte Boga;29;629066;4694003;;;
321316;10117 - San Xoán de Río;29;640150;4694917;;;
321317;10115 - Serra do Eixe;29;663999;4691161;;;
321321;10138 - Xares;29;673965;4675003;;;
321410;19038 - Laza;29;626368;4658372;;;
321412;10048 - O Invernadeiro;29;636834;4664380;;;
321418;10058 - Verín-Vilamaior;29;632660;4648169;;;
321419;10500 - Verín-Vilela;29;629355;4645740;;;
321420;10116 - Viana do Bolo;29;657809;4669648;;;
321504;10110 - Baltar;29;607055;4644615;;;
321507;10111 - Entrimo;29;574084;4644040;;;
321522;10119 - Xurés;29;585268;4639588;;;
323211;Sin referencia en FIRESP;29;0;0;;;2019-07-01T00:00:00
323212;A POBRA DE TRIVES;;;;;1631E;
323213;OURENSE,INSTITUTO;;;;;1690B;
323214;O CARBALLIÑO;;;;;1700X;
323215;XINZO DE LIMIA;;;;;1735X;
330039;Tineo. Base aérea;;;;;;
330093;Ibias. Base aérea;;;;;;
330595;Oviedo;;;;;1249X;
33114A;Parque de Bomberos de Proaza;;;;;;
33120A;Parque de Bomberos de Pravia;;;;;;
33300A;Parque Bomberos Villaviciosa;;;;;;
33500A;Parque de Bomberos de Llanes;;;;;;
33550A;P. Bomberos Cangas de Onís;;;;;;
33583A;Parque de Bomberos de Piloña;;;;;;
33682A;Parque de Bomberos de Mieres;;;;;;
33690A;Parque Bomberos de La Morgal;;;;;;
33700A;Parque de Bomberos de Valdés;;;;;;
33737A;P. Bomberos Grandas de Salime;;;;;;
33770A;Parque de Bomberos de Vegadeo;;;;;;
338009;Figueras/Castropol;;;;;1331A;
338010;Cabo Busto/Valdés;;;;;1283U;
338012;Cabo Peñas/Gozón;;;;;1210X;
338014;El Musel/Gijón;;;;;;
338015;Oviedo;;;;;1249I;
338016;Llanes;;;;;1183X;
338031;Valgrande, Pajares/Lena;;;;;1221D;
338052;Leitariegos/León;;;;;1542;
33810A;Parque de Bomberos de Ibias;;;;;;
33816A;P. Bomberos Cangas del Narcea;;;;;;
33840A;Parque de Bomberos de Somiedo;;;;;;
33850A;Parque de Bomberos de Grado;;;;;;
33879A;Parque de Bomberos de Tineo;;;;;;
33940A;P.B. S. Martín del Rey Aurelio;;;;;;
33993A;Parque Bomberos de Sobrescobio;;;;;;
33994a;GIJÓN, CAMPUS;;;;;1207U;
33995a;GIJÓN;;;;;1208;
33996a;GIJÓN. LA MERCED;;;;;1208A;
33997a;GIJÓN, PUERTO;;;;;1208H;
33998a;ASTURIAS AEROPUERTO;;;;;1212E;
34B001;Villaeles;0;0;0;;;
34B002;La Cerra;;;;;;
34I001;Torquemada;;;;;;
34I002;Villamuriel de Cerrato;;;;;;
34I003;Fuentes de Nava;;;;;;
34I004;Villaldo;;;;;;
34I005;Lantadilla;;;;;;
34I006;Herrera de Pisuerga;;;;;2235U;
34I007;Villaluenga de la Vega;;;;;;
34I008;Medina de Rioseco(VA);;;;;;
34I902;Valle Valdelucio (BU-09I002-);;;;;;
34I903;Lerma (BU -09I003-);;;;;;
34I905;Encinas de Esgueva (VA-47I005);;;;;;
34I908;Sahagún (LE-24I008-);;;;;;
34T001;Astudillo;;;;;;
34T002;La Cerra;;;;;;
34T003;Cocoto;;;;;;
34T004;Corcos;;;;;;
34T005;Cueva Dorada;;;;;;
34T006;Indiviso;;;;;;
34T007;Monte El Viejo;;;;;;
34T008;Morcorio;;;;;;
34T009;Peña Pico;;;;;;
34T010;Peña Tremaya;;;;;;
34T011;Rodiles;;;;;;
34T012;Santa Lucía;;;;;;
34T013;Valdemorata;;;;;;
34T014;Villaconancio;;;;;;
34T015;CARRIÓN DE LOS CONDES;;;;;2374X;
34T016;AUTILLA DEL PINO;;;;;2400E;
34T017;PALENCIA, OBSERVATORIO;;;;;2401;
350001;LANZAROTE AEROPUERTO;;;;;C029O;
350002;PÁJARA;;;;;C229J;
350003;FUERTEVENTURA AEROPUERTO;;;;;C249I;
350004;LA ALDEA DE SAN NICOLÁS;;;;;C619I;
350005;MOGÁN, PUERTO;;;;;C629X;
350006;GRAN CANARIA AEROPUERTO;;;;;C649I;
350007;SAN CRISTOBAL;;;;;C659H;
350008;PL. DE LA FERIA;;;;;C659M;
350009;MASPALOMAS;;;;;C689E;
350010;TEGUISE;;;;;C839I;
361611;10158 - Lalín;29;573054;4722816;;;
361617;Pazo Ortigueira;29;547014;4735321;;;2017-02-08T00:00:00
361618;10120 - Pereira;29;555805;4720275;;;
361624;10122 - Serra do Faro;29;587549;4714705;;;
361707;19048 - Cequeliños;29;560855;4664930;;;
361713;19057 - Meder;29;546067;4663091;;;
361721;10063 - Queimadelos;29;547155;4674955;;;
361803;19047 - As Eiras;29;517275;4642939;;;
361805;10091 - Castro Vicaludo;29;511076;4649174;;;
361809;10086 - Fornelos de Montes;29;549421;4684962;;;
361810;10125 - Illas Cíes;29;507552;4673299;;;
361814;10060 - Monte Aloia;29;526509;4658556;;;
361815;10154 - O Viso;29;532800;4685464;;;
361820;14001 - Porto de Vigo;29;522469;4676648;;;
361825;19058 - Soutomaior;29;535558;4686194;;;
361827;10142 - Vigo;29;523637;4674906;;;
361828;10161 - Vigo-Campus;29;525925;4668694;;;
361901;19070 - A Armenteira;29;521203;4701790;;;
361902;19069 - A Lanzada;29;510189;4700572;;;
361904;10127 - Caldas de Reis;29;531252;4715950;;;
361906;10067 - Castrove;29;524306;4700815;;;
361908;10085 - Corón;29;516020;4714207;;;
361912;10064 - Lourizán;29;527624;4695274;;;
361916;10126 - Ons;29;505247;4692206;;;
361919;19072 - Ponte Caldelas;29;540637;4693552;;;
361922;10121 - Rebordelo;29;540861;4701812;;;
361923;10129 - Sanxenxo;29;516552;4694555;;;
361926;19046 - Tremoedo;29;517695;4709752;;;
361929;10133 - Xesteiras;29;533901;4724877;;;
361930;PONTEVEDRA, INSTITUTO;;;;;1484;
361931;PONTEVEDRA;;;;;1484C;
361932;VIGO AEROPUERTO;;;;;1495;
370001;Meteologica;;;;;;
37B001;El Bodón;;;;;;
37B002;El Maillo;;;;;;
37B003;Vitigudino;;;;;;
37B004;Matacán;;;;;;
37I001;Ciudad Rodrigo;;;;;;
37I002;Aldearrubia;;;;;;
37T001;Alto del Copero;;;;;;
37T002;Baldío y Sierra;;;;;;
37T003;Jalama;;;;;;
37T004;Paso Malo;;;;;;
37T005;Peña Carbonera;;;;;;
37T006;Peña de Francia;;;;;;
37T007;Peña Negra;;;;;;
37T008;Peña Palomas;;;;;;
37T009;Pico Cervero;;;;;;
37T010;Pozo Airón;;;;;;
37T011;Pozo Moros;;;;;;
37T012;Sierra del Cubo;;;;;;
37T013;Cerezal de Peñahorcada;;;;;;
37T014;LA COVATILLA, ESTACIÓN ESQUÍ;;;;;2491C;
37T015;SALAMANCA AEROPUERTO;;;;;2867;
37T016;SALAMANCA;;;;;2870;
37T017;VITIGUDINO;;;;;2916A;
37T018;SAELICES EL CHICO;;;;;2946X;
380603;El Time;;;;;;
380604;El Paso;0;0;0;;;
380605;Miraflores;0;0;0;;;
380606;San Isidro;0;0;0;;;
380607;Las Tricias;0;0;0;;;
380608;Base Brif;0;0;0;;;
380609;Cumbre Nueva;0;0;0;;;
380610;Torre Incendios Mercadel;0;0;0;;;
380611;Jinama;0;0;0;;;
380612;Hoya del Morcillo;0;0;0;;;
380613;Tembárgena;0;0;0;;;
380614;Tajusara;0;0;0;;;
380615;TAZACORTE;;;;;C129Z;
380616;LA PALMA AEROPUERTO;;;;;C139E;
380617;SAN SEBASTIÁN DE LA GOMERA;;;;;C329Z;
380618;TENERIFE SUR AEROPUERTO;;;;;C429I;
380619;IZAÑA;;;;;C430E;
380620;GÜÍMAR;;;;;C439J;
380621;TENERIFE NORTE AEROPUERTO;;;;;C447A;
380622;STA.CRUZ DE TENERIFE;;;;;C449C;
380623;PUERTO DE LA CRUZ;;;;;C459Z;
380624;HIERRO AEROPUERTO;;;;;C929I;
390592;Santander;;;;;1111;
391083;CASTRO URDIALES-EDAR;30;481059;4804676;;1083L;
391089;RAMALES DE LA VICTORIA-ETAP;30;461783;4789333;;;
391096;TRETO;30;461961;4804973;;;
391102;SOBA-ALTO MIERA;30;444272;4782204;;;
391109;SANTANDER AEROPUERTO;30;432708;4808749;;1109;
391111;SANTANDER,CMT;30;435270;4815666;;1111X;
391124;VILLACARRIEDO - SANTIBAÑEZ;30;431039;4788434;;;
391135;BÁRCENA MAYOR-TORIZ;30;401271;4777849;;;
391152;SAN FELICES DE BUELNA-TARRIBA;30;414907;4791549;;;
391154;TORRELAVEGA-SIERRAPANDO;30;416739;4801152;;;
391159;SAN VICENTE, FARO;30;387248;4805437;;;
391167;FUENTE DÉ-TELEFÉRICO;30;352587;4778389;;;
391174;TAMA;30;369837;4782358;;;
391176;TRESVISO;30;364581;4790577;;;
391740;ALTAMIRA;30;408911;4803320;;;
399001;NESTARES;30;405392;4760574;;;
399016;CUBILLO DE EBRO;30;415606;4740202;;;
399017;ALTO CAMPOO;30;388037;4765804;;;
399019;POLIENTES-CASYC;30;423641;4739738;;;
399020;SANTANDER, CIUDAD;;;;;1110;
399021;SAN VICENTE DE LA BARQUERA;;;;;1159;
399022;REINOSA;;;;;9001D;
399023;VALDERREDIBLE, POLIENTES;;;;;9019B;
40000;PORTATIL;;;;;;
40B001;Coca;;;;;;
40B002;Cantalejo;;;;;;
40B003;Las Casillas (B);;;;;;
40I001;Gomezserracín;;;;;;
40I002;Nava de la Asunción;;;;;;
40I003;Nava ArevaloAV (I);0;0;0;;;
40I004;Vadocondes BU (I);0;0;0;;;
40I005;San Esteban de GormazSO (I);0;0;0;;;
40I006;Olmedo VA (I);;;;;;
40T001;Coca;;;;;;
40T002;Samboal;;;;;;
40T003;Cuellar;;;;;;
40T004;Zarzuela del Pinar;;;;;;
40T005;Gomezserracín;;;;;;
40T006;Navafría;;;;;;
40T007;Torre Val de San Pedro;;;;;;
40T008;Torecaballeros;;;;;;
40T009;El Espinar;;;;;;
40T010;Villacastín;;;;;;
40T011;Carbonero el Mayor;;;;;;
40T012;Santa Mª la Real de Nieva;;;;;;
40T013;Turégano;;;;;;
40T014;La Losa;;;;;;
40T015;Cantalejo;;;;;;
40T016;Turégano;;;;;;
40T017;Fuentidueña;;;;;;
40T018;Hontalbilla;;;;;;
40T019;Pradales;;;;;;
40T020;Fesno de Cantespino;;;;;;
40T021;Valdevacas de Montejo;;;;;;
40T022;Cerro de la Horca (T);0;0;0;;;
40T023;Santibañez (T);0;0;0;;;
40T024;Tolocirio (T);;;;;;
40T025;LA PINILLA, ESTACIÓN DE ESQUÍ;;;;;2150H;
40T026;SEGOVIA;;;;;2465;
40T027;SEGOVIA, INSTITUTO;;;;;2465A;
410001;E.M. El Pedroso;;;;;;
410002;E.M. Aznalcóllar;;;;;;
410003;LA RODA DE ANDALUCÍA;;;;;5612B;
410004;ÉCIJA;;;;;5641X;
410005;CAZALLA DE LA SIERRA;;;;;5704B;
410006;SEVILLA AEROPUERTO;;;;;5783;
410007;MORÓN DE LA FRONTERA;;;;;5796;
420001;Santa Inés. INM;;;;;;
420002;Ucero (INM);0;0;0;;;
42B001;El Amogable;;;;;;
42B002;Taniñe;;;;;;
42B020;Lubia (BASE);;;;;;
42C001;Sarnago (camara);;;;;;
42C002;Berrocal (camara);;;;;;
42C003;Garagueta (camara);;;;;;
42C004;Ventosa (camara);;;;;;
42C005;Almuerzo (camara);;;;;;
42C006;Carrascosa (camara);;;;;;
42C007;Rodadero (camara);;;;;;
42C008;Valduertele (camara);;;;;;
42C009;Lutero (camara);;;;;;
42C010;Madero Movi (camara);;;;;;
42C011;Madero Refu (camara);;;;;;
42C012;Ministra (camara);;;;;;
42C013;Castil de Tierra (camara);;;;;;
42C014;Arcos de Jalon (camara);;;;;;
42C015;Quintana Redonda (camara);;;;;;
42C016;Abejar (camara);;;;;;
42C017;Vinuesa (camara);;;;;;
42C018;Bayubas (camara);;;;;;
42C019;San Cristobal (camara);;;;;;
42I001;Almazán;;;;;;
42I002;San Esteban de Gormaz;;;;;;
42I003;Fuentecantos;;;;;;
42I101;Hinojosa del Campo;;;;;;
42IM01;Soria (INM);;;;;2030;
42IM02;La Poveda (INM);;;;;;
42IM03;Vinuesa (INM);0;0;0;;;
42IM04;Burgo de Osma (INM);0;0;0;;;
42IM05;Liceras (INM);;;;;;
42IM06;La Riba de Escalote (INM);;;;;;
42IM07;Arcos de Jalon (INM);0;0;0;;;
42IM08;Almazul (INM);;;;;;
42IM09;Olvega (INM);;;;;;
42T001;Cabeza Alta;;;;;;
42T002;San Cristóbal;;;;;;
42T003; 2º Grupo;;;;;;
42T004;Lubia;;;;;;
42T005;El Mirador;;;;;;
42T006;Molinos;;;;;;
42T007;Pajarejos;;;;;;
42T008;Los Poyales;;;;;;
42T009;Taniñe;;;;;;
42T010;Almazán;;;;;;
42T011;Las Tres Fuentes;;;;;;
42T012;Andaluz;;;;;;
42T013;La Atalaya;;;;;;
42T014;El Berrocal;;;;;;
42T015;Brabojos;;;;;;
42T016;Cubillos;;;;;;
42T017;Espejón;;;;;;
42T018;El Madero;;;;;;
42T019;Mataelhornillo;;;;;;
42T020;Mojón Pardo;;;;;;
42T021;Las Riscas;;;;;;
42T022;Otero Mayor;;;;;;
42T023;Panderín;;;;;;
42T024;Peñota;;;;;;
42T025;El Santo;;;;;;
42T026;Toranzo;;;;;;
42T027;Valdenebro;;;;;;
42T028;Las Veceas;;;;;;
42T029;Ventosinos;;;;;;
42T030;Villaciervos;;;;;;
42T031;Coronillas;;;;;;
42T032;Hinodejo;;;;;;
42T033;Montenegero (PV);;;;;;
430001;Estació portàtil;;;;;;
430002;Nulles;;;;;;
430003;Vila-rodona;;;;;;
430004;Botarell;;;;;;
430005;Prades;;;;;;
430006;Riudoms;;;;;;
430007;Vinyols i els Arcs - Cambrils;;;;;;
430008;Aldover;;;;;;
430009;Deltebre - el Fangar;;;;;;
430010;El Perelló;;;;;;
430011;l'Aldea;;;;;;
430012;l'Ametlla de Mar;;;;;;
430013;El Montmell;;;;;;
430014;El Vendrell;;;;;;
430015;la Bisbal del Penedès;;;;;;
430016;Blancafort;;;;;;
430017;l'Espluga de Francolí;;;;;;
430018;Santa Coloma de Queralt;;;;;;
430019;Alcanar;;;;;;
430020;Amposta;;;;;;
430021;Mas de Barberans;;;;;;
430022;Mas de Barberans;;;;;;
430023;Sant Carles de la Ràpita;;;;;;
430024;Illa de Buda;;;;;;
430025;els Valentins;;;;;;
430026;Falset;;;;;;
430027;Margalef;;;;;;
430028;Masroig;;;;;;
430029;Torroja del Priorat;;;;;;
430030;Ulldemolins;;;;;;
430031;Ascó;;;;;;
430032;Benissanet;;;;;;
430033;Riba-roja d'Ebre;;;;;;
430034;Vinebre;;;;;;
430035;Constantí - Mas Bové;;;;;;
430036;Torredembarra;;;;;;
430037;Batea;;;;;;
430038;Horta de Sant Joan;;;;;;
430039;Área de inicio del incendio;0;0;0;;;
430040; E.M.A Gandesa;0;0;0;;;
430041;PARC NATURAL DELS PORTS;0;0;0;;;
430042;VANDELLÒS;;;;;0002I;
430043;REUS AEROPUERTO;;;;;0016A;
430044;ESTACIÓN DE TORTOSA (ROQUETES);;;;;9981A;
430045;SANT JAUME D'ENVEJA;;;;;9987P;
430046;Riudecanyes;0;0;0;;;
440018;La Picosa;30;762785;4523606;PF403;;
440021;San Just;30;687492;4515224;PF416;;
440026;Bramaderas;30;711366;4474876;PF429;;
440030;Pico del Buitre;30;669283;4434087;PF433;;
440032;Peña la Cruz;30;640057;4462472;PF419;;
440038;Peña Blanca;30;612912;4480048;PF425;;
440059;Alto de Fonfría;30;658750;4539781;PF409;;
440060;Calanda;30;732507;4536510;;9569A;
440061;Castellote, Depósito;30;726488;4519840;;9561X;
440062;Cedrillas, Antenas;30;682420;4477760;;8458X;
440063;Jabaloyas;30;635114;4455170;;8376;
440064;Montalbán;30;686094;4522070;;9531Y;
440065;Mosqueruela, Depósito;30;716146;4471100;;8486X;
440066;Muniesa;30;684476;4544530;;9513X ;
440067;Santa Eulalia del Campo;30;642145;4492010;;9374X;
440068;Teruel;30;659303;4468350;;8368U;
440069;Valderrobres;30;765118;4529460;;9935X;
440070;Albarracín;30;632227;4475510;;8354X;
440071;Alcañiz;30;740193;4549140;;9573X;
440072;Andorra, Horcallana;30;718105;4539150;;9550C;
440073;Bello;30;626772;4531120;;9998X;
440074;Calamocha;30;643697;4531950;;9381I;
440075;Híjar, Depósito;30;714586;4561000;;9546B;
440076;Fonfría;30;660860;4539990;;9436X ;
440077;Teruel;30;659303;4468350;;8368U;
440078;Calamocha, Aeródromo;;;;;;
440079;Calamocha;30;643697;4531950;;9381I;
440080;Calanda;30;732507;4536510;;9569A;
440081;Alcañiz;30;740193;4549140;;9573X;
440082;Alto de la Cruz;30;637765;4532908;PF410;;
440083;Cabezo Alto;30;677268;4469680;PF435;;
440084;Cabezo de la Aliaga;30;683468;4527534;PF412;;
440085;Cabezo de San Antón;30;663939;4543945;PF408;;
440086;Capellanía;30;709824;4491632;PF415;;
440087;Cerro Antona;30;705180;4463326;PF430;;
440088;Cerro Marinero;30;612354;4492001;PF427;;
440089;Cerro Pelado;30;683705;4430225;PF432;;
440090;Cruz de Santa Barbara;30;608247;4475530;PF424;;
440091;El Cuerno;30;617638;4464033;PF422;;
440092;El Morron;30;724714;4510317;PF413;;
440093;El Portillo;30;607359;4469266;PF423;;
440094;El Val;30;669314;4446901;PF434;;
440095;Javalon;30;634271;4453850;PF420;;
440096;La Sarriosa;30;622413;4461286;PF421;;
440097;Las Ventas de Valdealgorfa;30;750338;4540218;PF401;;
440098;Majalinos;30;701469;4514684;PF406;;
440099;Monroyo ;30;749542;4519789;PF405;;
440100;Muela Mujer;30;712300;4501810;PF414;;
440101;Peña Arcil;30;694274;4464365;PF436;;
440102;Peña del Gato;30;709893;4543790;PF407;;
440103;Puerto Mínguez;30;665359;4522351;PF417;;
440104;Puerto Pinar;30;693807;4552997;PF411;;
440105;San Cristobal TE;30;767915;4544645;PF402;;
440106;Santa Isabel;30;701838;4450913;PF431;;
440107;Sierra Alta;30;619534;4482376;PF426;;
440108;Sierra Carbonera;30;640014;4469365;PF418;;
440109;Sierra Molinera;30;754340;4522769;PF404;;
440110;Tamborero;30;722287;4481141;PF428;;
450001;Añover de Tajo;;;;;;
450002;Almorox;;;;;;
450003;Base de HC Robledo del Buey;;;;;;
450004;Calderina;;;;;;
450005;Dehesa Boyal;;;;;;
450006;La Puebla de Montalbán;;;;;;
450007;Oropesa;;;;;;
450008;El Piélago;;;;;;
450009;San Pablo;;;;;;
450010;Los Aljibes;;;;;;
450011;La Estrella;;;;;;
450012;Castillazo;;;;;;
450013;Quintos de Mora;;;;;;
450014;La Iglesuela;;;;;;
450015;Valdeverdeja;;;;;;
450016;Tierras de Talavera;;;;;;
450017;Hontanar;;;;;;
450018;Base Quinto Don Pedro;;;;;;
450019;COP de Toledo;0;0;0;;;
450020;Base Cerro Negro (Talavera de;0;0;0;;;
451307;Base de Alcoba;0;0;0;;;
451308;TOLEDO, LORENZANA;;;;;3259;
451309;TOLEDO;;;;;3260B;
451310;SAN PABLO DE LOS MONTES;;;;;3298X;
451311;TALAVERA DE LA REINA;;;;;3365A;
451312;QUINTANAR DE LA ORDEN;;;;;4061X;
451313;MADRIDEJOS;;;;;4067;
460001;Mondúber;;;;;;
460002;La Travina;;;;;;
460003;El Gavilán;;;;;;
460004;Pico del Remedio;;;;;;
460005;Sierra Martés;;;;;;
460006;Sierra Negrete;;;;;;
460007;Alto del Pino;;;;;;
460008;Caroche;;;;;;
460009;Vallada;;;;;;
460010;Castillico;;;;;;
460011;Cerro Simón;;;;;;
460012;El Palmeral;0;0;0;;;
460013;Beniatjar;0;0;0;;;
460014;Las Hierbas;0;0;0;;;
460015;Alto Negro;30;675764;441537;EM46103;;
460016;Portátil;0;0;0;2;;
460017;Buena Leche;30;730849;435808;EM46105;;
460018;Valdesierras;30;658453;440436;OF46105;;
460019;Pico Ropé;30;673386;438767;EM46108;;
460020;Centro Recuperación El Saler ;30;730849;435808;EM46230;;
460021;CIEF (Quart de Poblet);30;713155;437242;EM46231;;
460022;Cerro Carpio;30;652730;439880;EM46301;;
460023;Moluengo;30;633729;437210;EM46304;;
460024;La Herrada;30;669584;436654;EM46305;;
460025;Casa del Doctor;30;655577;435967;EM46306;;
460026;Sierra del Ave;30;691550;435299;EM46308;;
460027;Besori;30;713045;435332;EM46401;;
460028;Vivero de la Garrofera;30;712241;433649;EM46430;;
460029;Alto de Alcola;30;670809;434267;EM46501;;
460030;Monte Mayor;30;690851;433217;EM46503;;
460031;La Hunde;30;654608;432598;EM46505;;
460032;Caperucho;30;681668;429678;EM46603;;
460033;Vivero de La Yesa;30;675349;441883;EM46131;;
460034;Reserva Valenciana Caza Muela ;30;679103;433857;EM46630;;
460035;UT902;0;0;0;EM46902;;
460036;Unidad de Motorización 1;0;0;0;EM46910;;
460037;AVAMET;0;0;0;;;
460038;Vivero El  Hontanar ;0;638844;444141;EM46130;;
460039;OLIVA;;;;;8058X;
460040;XÀTIVA;;;;;8293X;
460041;UTIEL;;;;;8309X;
460042;POLINYÀ DE XÚQUER;;;;;8325X;
460043;VALENCIA AEROPUERTO;;;;;8414A;
460044;VALÈNCIA;;;;;8416;
460045;VALÈNCIA, VIVEROS;;;;;8416Y;
460046;OTRA PROVINCIA;0;0;0;;;
470001;INM;;;;;;
470002;Inforiego;;;;;;
470003;Villabañez;30;374600;4608603;;;
470004;El Curto;30;324767;4628536;;;
47B001;Vivero;;;;;;
47B002;Villanubla;;;;;;
47I001;Mayorga;;;;;;
47I002;Torrecilla de la Orden;;;;;;
47I003;Olmedo;;;;;;
47I004;Valladolid;;;;;2422;
47I005;Encinas de Esgueva;;;;;;
47I006;Tordesillas;;;;;;
47I007;Valbuena de Duero;;;;;;
47I008;Medina de Rioseco;;;;;;
47T003;Mucientes;;;;;;
47T004;Esguevillas;;;;;;
47T005;Pesquera;;;;;;
47T006;Carrascal;;;;;;
47T007;Santibáñez;;;;;;
47T008;Arenas;;;;;;
47T009;Iscar;;;;;;
47T010;Mojados;;;;;;
47T011;Olmedo;;;;;2503X;
47T012;Tordesillas;;;;;;
47T013;La Espina;;;;;;
47T014;Monteblanco;;;;;;
47T015;VALLADOLID AEROPUERTO;;;;;2539;
480001;Aeropuerto de Bilbao;0;506271;4794222;;1082;
480002;LEKEITIO;;;;;1055B;
480003;MACHICHACO;;;;;1057B;
480004;PUNTA GALEA;;;;;1059X;
480005;GÜEÑES;;;;;1078I;
49B001;Rosinos;;;;;;
49B002;Villardeciervos;;;;;;
49I001;Colinas de Trasmonte;;;;;;
49I002;Villaralbo;;;;;;
49I004;Villalpando;;;;;;
49I005;Pozuelo de Tábaro;;;;;;
49I006;Barcial del Barco;;;;;;
49I007;Toro;;;;;;
49T001;Arrabalde;;;;;;
49T002;Alto de Carmona;;;;;;
49T003;Congosta;;;;;;
49T004;Ermita de Gracia;;;;;;
49T005;Alto de Mahide;;;;;;
49T006;La Pedrizona;;;;;;
49T007;Moveros;;;;;;
49T008;Muelas;;;;;;
49T009;Nuez;;;;;;
49T010;Pedralba;;;;;;
49T011;Peleagonzalo;;;;;;
49T012;Robledo;;;;;;
49T013;Sagallos;;;;;;
49T014;Villardeciervos;;;;;2775X;
49T015;Villarejo;;;;;;
49T016;Villarino;;;;;;
49T017;ZAMORA;;;;;2614;
49T018;BENAVENTE;;;;;2755X;
500001;Alhama de Aragón, Depósito;30;592497;4571870;;9354X;
500002;Calatayud;30;613364;4576400;;9394X;
500003;Caspe, Plana del Pilón;30;748273;4568550;;9574B;
500004;Castejón de Valdejasa, Depósi;30;666025;4649960;;9336D;
500005;Ejea de los Caballeros;30;653774;4664890;;9321X;
500006;La Almunia de Doña Godina;30;635182;4593430;;9427X;
500007;Leciñena;30;697969;4629940;;9495Y ;
500008;Quinto;30;708568;4589400;;9510X;
500009;Sos del Rey Católico;30;646804;4705820;;9244X;
500010;Tarazona;30;605873;4641090;;9299X;
500011;Valmadrid;30;676614;4590100;;9501X;
500012;Zaragoza, Aeropuerto;30;666170;4614010;;9434;
500013;Zaragoza, Valdespartera;30;672034;4609740;;9434P;
500014;Daroca;;;;;9390;
500015;Zaragoza, Aeropuerto;30;666170;4614010;;9434;
500016;Zaragoza, Valdespartera;30;672034;4609740;;9434P;
500017;Bujaraloz;;;;;9576C;
500018;Alto de la Liebre;30;578820;4569105;PF515;;
500019;Alto del Campillo;30;596018;4558602;PF514;;
500020;Carnicero;30;677472;4587107;PF507;;
500021;Cruz de San Vicente;30;746458;4580751;PF518;;
500022;El Viso;30;594137;4579198;PF516;;
500023;El Yugo;30;764367;4570743;PF519;;
500024;La Magdalena;30;657150;4709877;PF502;;
500025;La Nevera;30;637399;4578531;PF513;;
500026;Palomera;30;674280;4643045;PF505;;
500027;Peñaflor;30;687895;4623557;PF506;;
500028;Pico del Rayo;30;627027;4579923;PF512;;
500029;Puy Esteban;30;720239;4612321;PF223;;
500030;Puy Moné;30;665557;4697383;PF503;;
500031;Puy Sevilla;30;668751;4675192;PF504;;
500032;San Cristobal ZA;30;608980;4611029;PF511;;
500033;San José;30;603449;4635832;PF510;;
500034;Santa Cruz;30;620426;4552397;PF521;;
500035;Santuario de la Misericordia;30;616717;4633761;PF509;;
500036;Vidiella;30;659557;4717257;PF501;;
500037;Virgen de Herrera;30;658865;4559121;PF520;;
500038;Virgen de la Sierra;30;604848;4599406;PF517;;
500039;Virgen del Águila;30;648481;4567831;PF508;;
510001;CEUTA, MONTE HACHO;;;;;5000A;
510002;CEUTA;;;;;5000C;
520001;MELILLA;;;;;6000A;
7;Estaciones Agricultura y Pesca;0;0;;;;
8;CMT Málaga;0;0;;;;
