IdProvincia;IdVigilante;Nombre;Huso;X;Y;fechabaja
0;0;;28;12345;;
1;0;No determinado;28;;;
1;1;Sin nombre (código 1);;;;
1;4;Sin nombre (código 4);;;;
1;99;Vigilante de otra provincia;;;;
2;0;No determinado;;;;
2;1;Los Poyales;;;;
2;2;Cerro de la Pared;;;;
2;3;Cabeza del Moro;;;;
2;4;Alto del Cacho;;;;
2;5;Peña de las Grajas;;;;
2;6;Bañadero;;;;
2;7;Torcarraya;;;;
2;8;La Coronilla;;;;
2;9;La Serralba;;;;
2;10;Majada Atalaya;;;;
2;11;El Padron;;;;
2;12;Cerro del Helechar;;;;
2;13;El Padrastro;;;;
2;14;Cuarto Alarcon;;;;
2;15;Padroncillo;;;;
2;16;Peña del Cambron;;;;
2;17;La Celada;;;;
2;18;Hoya de M. Manso;;;;
2;19;Monte Ardal;;;;
2;20;Las Fresnedas;;;;
2;21;Pozo Reolid;;;;
2;22;Mingarnao;;;;
2;23;Majada Hueca;;;;
2;24;Lomas del Gamonal;;;;
2;25;Malejon de Paules;;;;
2;26;Alto del Hornillo;;;;
2;27;Pico Trifillas;;;;
2;28;La Marmota;;;;
2;29;Tarazona;0;0;0;
2;30;Molaton;0;0;0;
2;31;Santa Bárbara;0;0;0;
2;32;Sierra del Tobar;0;0;0;
2;33;Peña Bolomba;0;0;0;
2;99;Vigilante de otra provincia;;;;
3;0;No determinado;;;;
3;1;Maigmó;30;705223;4264775;
3;2;Coll de Rates;30;753950;4290147;
3;3;Font Roja;30;714080;4281778;
3;4;Mariola;30;717319;4294363;
3;5;Miserat;30;745030;4301745;
3;6;Aitana;30;735098;4281541;
3;7;Reconco;30;698538;4278164;
3;8;El Salviar;30;714250;4273338;
3;9;Santa Paz;;;;
3;10;Cocoll;30;747800;4291379;
3;11;Serrella;30;734108;4287599;
3;12;Aixorta;30;747593;4285866;
3;13;Cabeçó d'or;30;726598;4268995;
3;14;Reclot;30;679429;4250963;
3;23;Sin nombre (código 23);;;;
3;99;Vigilante de otra provincia;;;;
4;0;No determinado;;;;
4;1;V101 La Jarosa;;;;
4;2;V102 El Gábar;;;;
4;3;V103 Puerto de Lúcar;;;;
4;4;V104 Urrácal;;;;
4;5;V105 La Roza;;;;
4;6;V106 El Calar del Gallinero;;;;
4;7;V107 Tetica;;;;
4;8;V108 Sierra Almagro;;;;
4;9;Sin nombre (código 9);;;;
4;10;Sin nombre (código 10);;;;
4;11;V201 Pozo de Fiñana;;;;
4;12;V202 Montaire;;;;
4;13;V203 Morrón del Peral;;;;
4;14;V204 Picacho;;;;
4;15;V205 Sierra Nevada;;;;
4;16;V206 Ohanes;;;;
4;17;V207 Julio Verne;;;;
4;18;V208 Almerimar;;;;
4;19;V209 La Matanza;;;;
4;20;V210 Sierra Alhamilla;;;;
4;21;V211 La Rellana;;;;
4;25;Sin nombre (código 25);;;;
4;99;Vigilante de otra provincia;;;;
5;0;No determinado;;;;
5;1;Cabeza Mesada;;;;
5;2;La Pinosa;;;;
5;3;La Sillita;;;;
5;4;El Almoclon;;;;
5;5;Puerto del Pico;;;;
5;6;La Cebrera;;;;
5;7;Central de operaciones;;;;
5;8;Casa Forestal de Arenas;;;;
5;9;El Refugio;;;;
5;10;La Lastra;;;;
5;11;Las Portillas;;;;
5;12;La Cuquilla;;;;
5;13;Cruz de Seroles;;;;
5;14;Base de Helicóptero;;;;
5;15;Torre Orzaduero;;;;
5;16;Sin nombre (código 16);;;;
5;18;Sin nombre (código 18);;;;
5;19;Las Tejoneras;0;0;0;
5;99;Vigilante de otra provincia;;;;
6;0;No determinado;;;;
6;1;El Centinela;;;;
6;2;La Moralejas;;;;
6;3;Los Villares;;;;
6;4;Siera del Palo;;;;
6;5;El Azorejo;;;;
6;6;El Mirador;;;;
6;7;Presa Cíjara;;;;
6;8;El Aljibe;;;;
6;9;Las Víboras;;;;
6;10;El Castillo;;;;
6;11;El Perdigón;;;;
6;12;Peña Utrera;;;;
6;13;El Manzano;;;;
6;14;Los Chiqueros;;;;
6;15;Puerto Blanco;;;;
6;16;Arrazauces;;;;
6;17;El Manzano;;;;
6;18;La Rañuela;;;;
6;19;El  Robledillo (AB.);;;;
6;20;Puerto Lobo (AB.);;;;
6;21;Umbría Estena (AB.);;;;
6;22;Los Chopos (AB.);;;;
6;23;Base Valdemoros (AB.);;;;
6;24;La Habana (AB.);;;;
6;25;El Espárrago (AB.);;;;
6;26;Bienvenida;;;;
6;27;La Navilla;;;;
6;28;La Paja;;;;
6;29;El Portillo;;;;
6;30;Sierra Cañamero;30;295620;436042;
6;99;Vigilante de otra provincia;;;;
7;0;No determinado;;;;
7;1;Garrafa;;;;
7;2;S'Hostalet;;;;
7;3;Sonvida;;;;
7;4;Galatzo;;;;
7;5;Sobremunt;;;;
7;6;Penyal D'Honor;;;;
7;7;Alfabia;;;;
7;8;Fornalutx;;;;
7;9;Pollensa;;;;
7;10;Alcudia;;;;
7;11;Tudosa;;;;
7;12;Es Reco;;;;
7;13;Sant Jordi;;;;
7;14;Sant Salvador;;;;
7;15;Randa;;;;
7;16;Santa Magdalena;;;;
7;17;Asima;;;;
7;18;Mondrago;;;;
7;19;Son Segui;;;;
7;20;Monte Toro;;;;
7;21;S'Enclusa;;;;
7;22;Sant Vicenç;;;;
7;23;Sant Joan;;;;
7;24;Sant Llorenç;;;;
7;25;Sant Josep;;;;
7;26;Corb Mari;;;;
7;27;Camp Vell;;;;
7;28;CIR 14;;;;
7;29;S'Albufera;;;;
7;30;Son Segui (Sta Eugenia);;;;
8;0;No determinado;;;;
8;1;Montau;;;;
8;2;Fembre Morta;;;;
8;3;Turó de Cirers;;;;
8;4;El Corredor;;;;
8;5;Turó Gros de Montene;;;;
8;6;El Farell;;;;
8;7;La Mola;;;;
8;8;Ullastrell;;;;
8;9;Montseny;;;;
8;10;Puiggracios;;;;
8;11;Puig de Agulles;;;;
8;12;Guardiola de Font Rubi;;;;
8;13;Pic de la Aliga;;;;
8;14;Montgros;;;;
8;15;La Tossa de Montbui;;;;
8;16;Mediona;;;;
8;17;El Castellar;;;;
8;18;Creu dels Escolans;;;;
8;19;Castelladral;;;;
8;20;Montserrat;;;;
8;21;San Mateu de Bages;;;;
8;22;Castellfollit;;;;
8;23;Puig Caritat;;;;
8;24;Castell de Granera;;;;
8;25;Els Casals;;;;
8;26;Sabata;;;;
8;27;Turo Gros de Miralle;;;;
8;28;Serra de Galliners;;;;
8;29;Salt de la Minyona;;;;
8;30;Sin nombre (código 30);;;;
8;31;Sin nombre (código 31);;;;
8;62;Sin nombre (código 62);;;;
8;89;Sin nombre (código 89);;;;
8;99;Vigilante de otra provincia;;;;
8;101;Santa Cecilia. Marganell;0;0;0;
8;102;Montmajor;0;0;0;
8;103; Catalejo Sierra;0;0;0;
8;104;Catalejo Michael;0;0;0;
8;105;Catalejo Romeo;0;0;0;
8;106;India;0;0;0;
8;107;Catalejo Juliet;0;0;0;
8;108;Catalejo Golf;0;0;0;
8;109;Catalejo Kilo;0;0;0;
9;0;No determinado;;;;
9;1;Vivero: C. Operación;;;;
9;2;Alto Casarejos;;;;
9;3;Sin nombre (código 3);;;;
9;4;Cerro San Miguel;;;;
9;5;C. Forestal Quintana;;;;
9;6;C. Forestal Hontoria;;;;
9;7;Costalago;;;;
9;8;Alto Bedon;;;;
9;9;El Peñedo;;;;
9;10;C. Forestal Huerta.R;;;;
9;11;El Cerro;;;;
9;12;San Cristobal;;;;
9;13;El Castro;;;;
9;14;C. Forestal Oña;;;;
9;15;Susenes;;;;
9;16;Alto Tablones;;;;
9;17;Alto de Pañizares;;;;
9;18;Alto Guardia;;;;
9;19;C. Forestal Quisicedo;;;;
9;20;Sin nombre (código 20);;;;
9;21;Mirador de San Francisco;;;;
9;22;Las Zarras;;;;
9;24;Monte Mayor;;;;
9;25;Demanda;;;;
9;26;Valdesosoldo;;;;
9;27;C. Forestal Huerta A.;;;;
9;28;Gayubar;;;;
9;29;Salegar;;;;
9;30;Peña Aguda;;;;
9;31;Paramo de Masa;;;;
9;32;El Monte;;;;
9;33;Sin nombre (código 33);;;;
9;34;El Grajo;30;443274;4690516;
9;40;Mancubo;;;;
9;51;Sin nombre (código 51);;;;
9;53;Cielma;;;;
9;54;Colladio;;;;
9;55;Carmona;;;;
9;56;La Calabaza;;;;
9;57;Los Mazos;;;;
9;58;El Castillo;;;;
9;59;Treviño;;;;
9;60;Peña Lastra;30;476116;4775486;
9;61;ARAÑAS;30;498834;4642690;
9;62;PEÑA HURON;30;461456;4701589;
9;63;Ticumbea;30;487140;4681297;
9;99;Vigilante de otra provincia;;;;
10;0;No determinado;;;;
10;1;Sierra Palomera;;;;
10;2;Sierra de San Pedro;;;;
10;3;Pico de Colgadizo;;;;
10;4;Campillo de Deleitosa;;;;
10;5;Sierra de Cañamero;;;;
10;6;Cilleros;;;;
10;7;Sierra de Gata;;;;
10;8;Puerto de los Castaños;;;;
10;9;Cerro de las Cabezas;;;;
10;10;Las Navas;;;;
10;11;La Viñuela;;;;
10;12;El Espinar;;;;
10;13;Puerto de La Serrana;;;;
10;14;Puerto de Miravete;;;;
10;15;Pico de Ahycepo;;;;
10;16;Robledillo de Gata;;;;
10;17;Atalaya;;;;
10;18;Collado de los Lobos;;;;
10;19;Santa Catalina;;;;
10;20;Tornavacas;;;;
10;21;Pico de Corchuelas;;;;
10;22;Sierra de La Paja;;;;
10;23;Agachados;;;;
10;24;Sierra de Dios Padre;;;;
10;25;Mesa Llana;;;;
10;26;Pico Cervales;;;;
10;27;El Aljibe;;;;
10;28;Cerro Pedro Gómez;;;;
10;29;Pico del Cordón;;;;
10;30;Sierra Pintora;;;;
10;31;Valdesauce;;;;
10;32;Calama;;;;
10;33;Valverde del Fresno;;;;
10;34;Fátima;0;0;0;
10;35;La Gineta - Nuñomoral - Hurdes;29;734343;4474502;
10;36;Los Villares;0;0;0;
10;37;Sierra de Fría;29;646821;4354770;
10;99;Vigilante de otra provincia;;;;
11;0;No determinado;;;;
11;1;Roche;;;;
11;2;Breñas;;;;
11;3;Sierra de Fates;;;;
11;4;Tajo de las escobas;;;;
11;5;Montecoche;;;;
11;6;Sierra del Arca;;;;
11;7;Loma del Padrón;;;;
11;8;Benazainilla;;;;
11;9;Puerto de las Yeguas;;;;
11;10;Sierra del Valle;;;;
11;11;Pico de la Gallina;;;;
11;12;Pinsapar;;;;
11;13;Higuerón de Gaduares;;;;
11;14;Sierra de Lijar;;;;
11;15;Toleta;;;;
11;16;Quebradas;;;;
11;17;Olvera;;;;
11;18;Algaida;;;;
11;19;Malabrigo;;;;
11;20;Albarracín;;;;
11;21;Las Naranjas;;;;
11;22;Vigilante de otra provincia;0;0;0;
12;0;No determinado;;;;
12;1;Torreciprés;30;746625;4507213;
12;2;Villabona;30;754643;4496967;
12;3;Creu de Gelat;30;733236;4493759;
12;4;San Jorge;;;;
12;5;Ametler;30;778975;4468912;
12;6;Penyagolosa;30;725504;4455853;
12;7;Santa Bárbara;30;702352;4433633;
12;8;Desert de les Palmes;30;758834;4441811;
12;9;Peña Amador;30;693949;4422923;
12;10;Alto del Pinar;0;719958;4427425;
12;11;Boqueras;30;703185;4411879;
12;12;Puntal Algibe;30;728807;4416985;
12;13;Tristán;30;716447;4401517;
12;14;Fredes;30;766961;4509084;
12;15;Lloma Bernat;30;732558;4453928;
12;16;Cabezo;30;729210;4438944;
12;17;Subarra;30;762346;4453414;
12;18;El Picayo;30;734143;4474596;
12;19;Canalisses;30;741020;4517005;
12;20;El Frontón;30;709158;4439274;
12;21;El Turmell;30;761547;4496428;
12;22;La Muela;30;727317;4428841;
12;23;Canals;30;756064;4506263;
12;24;Pico de Águila;30;712650;4406384;
12;25;Central de Castellón;;;;
12;26;Feliciano;30;706211;4418517;
12;27;San José;30;771644;4478497;
12;99;Vigilante de otra provincia;;;;
13;0;No determinado;;;;
13;1;Cabañeros;;;;
13;2;Gargantón;;;;
13;3;Hontanar;;;;
13;4;Malagonas;;;;
13;5;Rondalnas;;;;
13;6;Virgen de la Sierra;;;;
13;7;Santa María del Guadiana;;;;
13;8;Tocón;;;;
13;9;Fuenmayor;;;;
13;10;Morrón;;;;
13;11;Torrecilla;;;;
13;12;Peñas Negrilla;;;;
13;13;Garganta;;;;
13;14;Sierra Morena;;;;
13;15;Riofrio;;;;
13;16;Baños de Villanarejo;;;;
13;17;Navalonguilla;;;;
13;18;San Enrique;;;;
13;19;Vallés del Término;;;;
13;20;Ribera Alta;;;;
13;21;Palillos;;;;
13;22;Ruidera;;;;
13;42;Caracollera;;;;
13;43;Sin nombre (código 43);;;;
13;44;Collado de la Estrella;;;;
13;45;Cabeza del Buey;;;;
13;46;Las Llanas;;;;
13;47;Puebla de Don Rodrigo;;;;
13;48;Gargantilla;;;;
13;49;Valderruco;;;;
13;50;Tablas de Daimiel;;;;
13;51;Morro Rodrigo;;;;
13;52;Puerto Niefla;;;;
13;53;Alcoba;0;0;0;
13;54;Morro Rodrigo;0;0;0;
13;55;Puertollano;0;0;0;
13;99;Vigilante de otra provincia;;;;
14;0;No determinado;;;;
14;1;Cerro del Sordo;;;;
14;2;Malagón;;;;
14;3;Cerro del Moro;;;;
14;4;La Lozana;;;;
14;5;Puente Nuevo;;;;
14;6;Las Traviesas;;;;
14;7;Los Llanos;;;;
14;8;Pedrejón Bajo;;;;
14;9;El Caballo;;;;
14;10;El Rincón;;;;
14;11;Vista Alegre;;;;
14;12;Las Erillas;;;;
14;13;La Atalaya;;;;
14;14;Navamuelas;;;;
14;15;Los Villares;;;;
14;16;El Quejido;;;;
14;17;Posadas;;;;
14;18;Aguas Potables;;;;
14;19;Los Puntales;;;;
14;20;Sierrezuela;;;;
14;21;Comunales;;;;
14;22;El Valle;;;;
14;23;Retamoso;;;;
14;24;Valdelosdoblados;;;;
14;25;Santa María;;;;
14;26;El Aguila;;;;
14;27;Cabra;;;;
14;28;Los Morales;;;;
14;29;Cerro del Puente;;;;
14;30;Palenciana;;;;
14;31;Rute;;;;
14;32;Laguna Amarga;;;;
14;33;Laguna Zoñar;;;;
14;34;Laguna de Tiscar;;;;
14;35;Laguna del Rincon;;;;
14;36;La Fuensanta;;;;
14;37;Mirador;;;;
14;38;Zuheros;;;;
14;39;La Señora;;;;
14;40;Santa Eufemia;;;;
14;41;Albayate;;;;
14;42;COP Córdoba;;;;
14;43;Fuenfría;30;342217;4221991;
14;44;Alcornocosas;30;369874;4221507;
14;45;La Serrezuela;30;315345;4187360;
14;99;Vigilante de otra provincia;;;;
15;0;No determinado;;;;
15;1;Penafesa;;;;
15;2;Coto do Pilar;;;;
15;3;Monte Pedroso;;;;
15;4;Santa Cecia;;;;
15;5;Muralla;;;;
15;6;Curota;;;;
15;7;Enxa;;;;
15;8;Monte Cando;;;;
15;9;Muros;;;;
15;10;Dumbria;;;;
15;11;Vimianzo;;;;
15;12;Neme;;;;
15;13;Rio do Sol;;;;
15;14;Trazo;;;;
15;15;Monte Xalo;;;;
15;16;Capelada;;;;
15;17;Faladora;;;;
15;18;Queimada;;;;
15;19;Sembra;;;;
15;20;Castro Maior;;;;
15;21;Pico Agudo;;;;
15;22;Loma Estivada;;;;
15;23;Sin nombre (código 23);;;;
15;30;Sin nombre (código 30);;;;
15;31;Sin nombre (código 31);;;;
15;32;Sin nombre (código 32);;;;
15;33;Sin nombre (código 33);;;;
15;37;Sin nombre (código 37);;;;
15;40;Sin nombre (código 40);;;;
15;41;Sin nombre (código 41);;;;
15;42;Sin nombre (código 42);;;;
15;43;Sin nombre (código 43);;;;
15;44;Sin nombre (código 44);;;;
15;45;Sin nombre (código 45);;;;
15;46;Sin nombre (código 46);;;;
15;47;Sin nombre (código 47);;;;
15;49;Sin nombre (código 49);;;;
15;50;Sin nombre (código 50);0;0;0;
15;51;Sin nombre (código 51);;;;
15;52;Sin nombre (código 52);;;;
15;53;Sin nombre (código 53);;;;
15;54;Sin nombre (código 54);;;;
15;55;Sin nombre (código 55);;;;
15;60;Sin nombre (código 60);0;0;0;
15;61;Sin nombre (código 61);;;;
15;62;Sin nombre (código 62);;;;
15;63;Sin nombre (código 63);;;;
15;69;Sin nombre (código 69);;;;
15;70;Sin nombre (código 70);0;0;0;
15;71;Sin nombre (código 71);;;;
15;72;Sin nombre (código 72);;;;
15;73;Sin nombre (código 73);;;;
15;74;Sin nombre (código 74);;;;
15;75;Sin nombre (código 75);;;;
15;76;Sin nombre (código 76);;;;
15;77;Sin nombre (código 77);;;;
15;81;Sin nombre (código 81);;;;
15;82;Sin nombre (código 82);;;;
15;85;Sin nombre (código 85);;;;
15;88;Sin nombre (código 88);;;;
15;89;Coto Agudo;0;0;0;
15;99;Vigilante de otra provincia;;;;
16;0;No determinado;;;;
16;1;Pozorruz;;;;
16;2;Cabrejas;;;;
16;3;C.Candalar;;;;
16;4;C.Sancho;;;;
16;5;C.Gordo;;;;
16;6;Valsalobre;;;;
16;7;Masegosa;;;;
16;8;Las Decimadas;;;;
16;9;El Pozuelo;;;;
16;10;El Codorzo;;;;
16;11;Almodovar;;;;
16;12;Valdeganga;;;;
16;13;Vertientes;;;;
16;14;Palancares;;;;
16;15;Cueva Santilla;;;;
16;16;Caracenilla;;;;
16;17;La Modorra;;;;
16;18;Cabeza Don Pedro;;;;
16;19;Cabezas de Boniches;;;;
16;20;Cabeza del Hoyo;;;;
16;21;Zafrilla;;;;
16;22;El Tormo;;;;
16;23;San Pedro Mártir;;;;
16;24;Mira;;;;
16;25;La Bandera;;;;
16;26;Valdemeca;;;;
16;27;La Mogorrita;;;;
16;28;Sierra del Rodenal;;;;
16;29;El Tobar;;;;
16;30;Monteagudo;;;;
16;31;Arguisuelas;;;;
16;32;El Herrumblar;;;;
16;33;El Ardal;;;;
16;34;San Cristobal;;;;
16;35;Cardenete;;;;
16;36;Tinajas;;;;
16;37;Salvacañete;;;;
16;38;Paracuellos;;;;
16;39;Sotos;;;;
16;40;Henarejos;;;;
16;41;Alarcón;;;;
16;42;Aliaguilla;;;;
16;49;Sin determinar (código 49);0;0;0;
16;51;Sin determinar (Código 51);0;0;0;
16;99;Vigilante de otra provincia;;;;
17;0;No determinado;;;;
17;1;Mont Barbat;;;;
17;2;Puig Cadiretes;;;;
17;3;Can Mundet;;;;
17;4;Puig de Can Viader;;;;
17;5;Torre de Llagostera;;;;
17;6;Can Planes;;;;
17;7;Puig de Arques;;;;
17;8;Santa Barbara;;;;
17;9;Puig Caramany;;;;
17;10;Els Angels;;;;
17;11;Sant Grau;;;;
17;12;Mont-Pla;;;;
17;13;Rocacorba;;;;
17;14;Mare de Deu del Mont;;;;
17;15;Santa Magdalena;;;;
17;16;Sant Pere de Roda;;;;
17;17;La Altrera;;;;
17;18;Puig de Esquers;;;;
17;19;Salines;;;;
17;99;Vigilante de otra provincia;;;;
18;0;No determinado;;;;
18;1;Puntal Blanco;;;;
18;2;Choza Foguero;;;;
18;3;Casa Varela;;;;
18;4;El Calar;;;;
18;5;Cerro Almendro;;;;
18;6;Perico Ruiz;;;;
18;7;Castril;;;;
18;8;Orce;;;;
18;10;Zujar;;;;
18;11;Santa Bárbara;;;;
18;12;Puntal Alto;;;;
18;13;El Marchal;;;;
18;14;Cerro Pingano;;;;
18;15;Cerro Padilla;;;;
18;16;Cerro la Cabra;;;;
18;17;La Sierrecilla de Iznalloz;;;;
18;18;Moclín;;;;
18;19;Mirador;;;;
18;20;Parapanda;;;;
18;21;Las Minas;;;;
18;22;Buenavista;;;;
18;23;Puerto Lobo;;;;
18;24;Sierra la Peza;;;;
18;25;Quentar;;;;
18;26;Generalife;;;;
18;27;Umbría Muñoces;;;;
18;28;La Torrecilla;;;;
18;29;Pozo Herrero;;;;
18;30;Mesa Fornes;;;;
18;31;Lopera;;;;
18;32;Tres Lindes;;;;
18;33;Salto del Caballo;;;;
18;34;Jerez Marquesado;;;;
18;35;Puerto La Ragua;;;;
18;36;Maiselvilla;;;;
18;37;Hueneja;;;;
18;38;Los Poyos;;;;
18;39;Boca La Pescá;;;;
18;41;Laroles;;;;
18;42;Válor;;;;
18;43;Cerro Gordo;;;;
18;45;La Atalaya de Soportujar;;;;
18;46;El Portichuelo de Castaras;;;;
18;47;El Cerrajón;;;;
18;48;Cerro Salchicha;;;;
18;49;Cortijo Burgos;;;;
18;80;Sierra Umbría (desaparecido 1999);;;;
18;81;Cecop (desaparecido 1999);;;;
18;82;C.Espartal (desaparecido 1999);;;;
18;83;Cullar (desaparecido 1999);;;;
18;84;Carramaiza (desaparecido 1999);;;;
18;85;Pedro Martínez (desaparecdio 1999);;;;
18;86;Montefria (desaparecido 1999);;;;
18;87;Las Víboras (desaparecido 1999);;;;
18;88;Atalaya (desaparecido 1999);;;;
18;89;Fuente Moral (desaparecido 1999);;;;
18;90;Ermita Vieja (desaparecido 1999);;;;
18;91;Capileira (desparecido 1999);;;;
18;99;Vigilante de otra provincia;;;;
19;0;No determinado;;;;
19;1;Galve de Sorbe;;;;
19;2;Mojon Cimero;;;;
19;3;Almiruete;;;;
19;4;Veguillas;;;;
19;5;Iniestola;;;;
19;6;Solanillos;;;;
19;7;Taracena;;;;
19;8;Auñon;;;;
19;9;Albalate;;;;
19;10;Ciruelos;;;;
19;11;Selas;;;;
19;12;Torremocha;;;;
19;13;Corduente;;;;
19;14;Molina;;;;
19;15;Cabeza Betera;;;;
19;16;Zaorejas;;;;
19;17;Arbeteta;;;;
19;18;Mogorrita;;;;
19;19;Peñalen;;;;
19;20;Poveda;;;;
19;21;Alcoroches;;;;
19;22;Peralejos;;;;
19;23;Orea;;;;
19;24;Sierra Molina;;;;
19;25;Palmaces;;;;
19;26;La Vihuela;;;;
19;27;Atienza;;;;
19;28;Los Llanos;;;;
19;29;Siguenza;;;;
19;30;Riba de Saelices;;;;
19;31;Tortuero;;;;
19;32;Aragoncillo;;;;
19;33;Hontanillas/Torronteras;;;;
19;42;Sin determinar (código 42);0;0;0;
19;99;Vigilante de otra provincia;;;;
20;0;No determinado;;;;
20;99;Vigilante de otra provincia;;;;
21;0;No determinado;;;;
21;1;Abalario;;;;
21;2;Alto la Jara;;;;
21;4;Doña María;;;;
21;6;El Bujo;;;;
21;7;El Cejo;;;;
21;8;El Centinela;;;;
21;9;El Cobujón;;;;
21;10;El Encinar;;;;
21;11;El Guijo;;;;
21;12;El Sardón;;;;
21;13;La Asomadilla;;;;
21;14;La Atalaya;;;;
21;15;La Laguna;;;;
21;16;La Peña;0;0;0;
21;17;La Peñuela;;;;
21;18;Las Ánimas;;;;
21;19;Las Cumbres;;;;
21;20;Los Barreros;;;;
21;21;Majadillas;;;;
21;22;Malatao;;;;
21;24;Metalica;;;;
21;25;San Cristobal 1SU;;;;
21;26;San Cristobal 2NO;;;;
21;27;Santa Bárbara;;;;
21;28;Sierra Ortiz;;;;
21;29;Sierra Pelada;;;;
21;30;Santa Catalina;;;;
21;31;Torre del Agua;;;;
21;32;Torres de Navasfresno (IBERSILVA);;;;
21;33;Sin definir 33;;;;
21;34;Sin definir 34;;;;
21;35;El Gato;0;0;0;
21;36;Manecorro;30;189492;411415;
21;37;La Plata;30;129772;420295;
21;38;Marismillas;30;198931;408194;
22;0;No determinado;;;;
22;1;Sierra Dos Rios;30;682168;4731835;
22;2;Puxilibro;30;696386;4690474;
22;3;Pico del Aguila;30;714162;4686320;
22;4;Sierra Sevil;30;746354;4679671;
22;5;Collado Lagurrres;30;786907;4674400;
22;6;Santa Orosia-Val Ancha;;;;
22;7;Monrepos;;;;
22;8;Fartue;30;744088;4699350;
22;9;San Quilez;30;787720;4654869;
22;10;Mas del Hombre;30;753921;4590066;
22;11;Loporzano;30;719756;4666652;
22;12;Picardiello;30;725592;4692044;
22;13;Sierra de Sis;30;799812;4694138;
22;14;Tozal Gordo;30;768962;4671966;
22;15;San Salvador;30;687409;4709096;
22;16;Sin nombre (código 16);;;;
22;45;Santa Quiteria;;;;
22;54;Sin nombre (código 54);;;;
22;59;Puchinebro;30;707838;4624396;
22;61;Tozal de Palo;30;766285;4690249;
22;62;Sierra Salinas;30;680381;4696690;
22;63;San Juan de Flumen;30;730307;4626849;
22;65;Sierra Mayor;30;677366;4687979;
22;98;Cervin;30;780091;4704416;
22;99;Vigilante de otra provincia;;;;
22;100;Güe;30;717437;4717005;
22;101;El Cebollar;30;735976;4726620;
22;102;Tella;30;760733;4718526;
22;103;Comiello;30;744098;4715241;
23;0;No determinado;;;;
23;1;Valquemado;;;;
23;2;Valdelipe;;;;
23;3;La Virgen-Jarabancil;;;;
23;4;Selladores-Contadero;;;;
23;5;El Centenillo;;;;
23;6;C. La Estrella;;;;
23;7;C. Los Jardines;;;;
23;8;Descuernavacas;;;;
23;9;Carnicera;;;;
23;10;Sierra Padilla;;;;
23;11;Talancon;;;;
23;12;La Piedra;;;;
23;13;Siles;;;;
23;14;P. de la Agredea;;;;
23;15;Peñalta;;;;
23;16;Navalperal;;;;
23;17;La Morra;;;;
23;18;Fuente del Tejo;;;;
23;19;El Yelmo;;;;
23;20;La Bandera;;;;
23;21;La Misa;;;;
23;22;Las Hoyas;;;;
23;23;El Quijaron;;;;
23;24;Iznatoraf;;;;
23;25;Caballo de Torraso-El Caballo;;;;
23;26;La Campana;;;;
23;27;Los Morrones;;;;
23;28;C. del Almendral;;;;
23;29;Coto Rios;;;;
23;30;Navazalto;;;;
23;31;Majal Alto;;;;
23;32;Banderillas;;;;
23;33;P. Las Palomas;;;;
23;34;Cazorla;;;;
23;35;Poyos de la Mesa;;;;
23;36;Cuerda del Banderin;;;;
23;37;Cabañas;;;;
23;38;Puerto de Tisca;;;;
23;39;Peña de Quesada;;;;
23;40;Peña del Cambron;;;;
23;41;El Chantre;;;;
23;42;Sierra de Bedmar;;;;
23;43;Magina;;;;
23;44;Las Pedrizas;;;;
23;45;Peña del Aguila;;;;
23;46;Bco. Monasterio;;;;
23;47;Peña del Altar;;;;
23;48;Sierra del Trigo;;;;
23;49;Jaen;;;;
23;50;El Castillo;;;;
23;51;Jabalcuz;;;;
23;52;Torrecaniles;;;;
23;53;Sin nombre (código 53);;;;
23;54;Sierra Ahíllos;;;;
23;55;JV 109 Monuera;0;0;0;
23;99;Vigilante de otra provincia;;;;
24;0;No determinado;;;;
24;1;Camposagrado;;;;
24;2;Sosas;;;;
24;3;Castrocontrigo;;;;
24;4;Central Leon;;;;
24;5;Cueto Rosales;;;;
24;6;Fombasalla;;;;
24;7;Gistredo;;;;
24;8;Guiana;;;;
24;9;Hito Nuevo;;;;
24;10;La Candamia;;;;
24;11;Peña Aguda;;;;
24;12;Pico Cueto;;;;
24;13;Rio Camba;;;;
24;14;Rio de Prados;;;;
24;15;San Jorge;;;;
24;16;Sotillos;;;;
24;17;Pozofierro;;;;
24;18;Truchillas;;;;
24;19;Veiga;;;;
24;20;Sin nombre (código 20);;;;
24;21;Sin nombre (código 21);;;;
24;35;Sin nombre (código 35);;;;
24;41;Sin nombre (código 41);;;;
24;42;Sin nombre (código 42);;;;
24;43;Sin nombre (código 43);;;;
24;44;Baillo;30;213500;4688270;
24;45;Tabillon;30;197152;4752403;
24;46;Manzaneda;30;287231;4636960;
24;99;Vigilante de otra provincia;;;;
25;0;No determinado;;;;
25;1;Pic Gualter;;;;
25;2;Santuari de Pinos;31;379364;4633094;
25;3;Coll de Arnat;;;;
25;4;Pic del Orri;;;;
25;5;Collades del Padro;;;;
25;6;Montsec de Ares;31;315178;4656626;
25;7;Ermita de San Quiri;;;;
25;8;Pleta Verde;31;322900;4681890;
25;9;Cap de Boumort;;;;
25;10;Ermita de Montealegre;;;;
25;11;Serra de la Llena;31;328600;4579912;
25;12;Diposit de Maials;;;;
25;13;Sant Aventi;;;;
25;14;El Coscollet;31;356784;4663869;
25;15;La Creu del Codo;;;;
25;16;Santuari del Tallat;;;;
25;17;Punta Rodona;;;;
25;25;Sin nombre (código 25);;;;
25;41;Sin nombre (código 41);;;;
25;99;Vigilante de otra provincia;;;;
26;0;No determinado;;;;
26;1;Haro;;;;
26;2;El Hombre;;;;
26;3;La Fonfria;;;;
26;4;Najera;;;;
26;5;Pancrudo;;;;
26;6;Brinzola;;;;
26;7;Moncalvillo;;;;
26;8;Mojón Alto;;;;
26;9;El Horquin;;;;
26;10;Nido Cuervo;;;;
26;11;Cabi Monteros;;;;
26;12;Los Agudos;;;;
26;13;Yerga;;;;
26;14;Alcarama;;;;
26;15;San Pelayo;;;;
26;99;Vigilante de otra provincia;;;;
27;0;No determinado;;;;
27;1;Peñote;;;;
27;2;Penedo do Galo;;;;
27;3;Rua;;;;
27;4;Xistral;;;;
27;5;Verin;;;;
27;6;Picato;;;;
27;7;Corda de Neda;;;;
27;8;Sierra de Meira;;;;
27;9;Pena Armada;;;;
27;10;Valdemadeiro;;;;
27;11;Muradal;;;;
27;12;Restelo;;;;
27;13;Tesón;;;;
27;14;Busmayor;;;;
27;16;Poio;;;;
27;17;Masmada;;;;
27;18;Alto do Castro;;;;
27;19;Birduedo;;;;
27;20;A Moa;;;;
27;21;Agua Levada;;;;
27;22;Faro;;;;
27;23;Villar de Ortelle;;;;
27;24;Faro;;;;
27;25;Paradela;;;;
27;26;Farelo;;;;
27;27;Paramo;;;;
27;28;Naron;;;;
27;29;Santa Mariña;;;;
27;30;Picato;;;;
27;31;Cova da Serpe;;;;
27;32;Teixeiro;;;;
27;33;Caseta Peroxa;;;;
27;34;Santa Cruz;;;;
27;35;Bacariza;;;;
27;36;Meda;;;;
27;37;Santa Mariña;;;;
27;41;Sin nombre (código 41);;;;
27;42;Sierra Meira;;;;
27;50;Sin nombre (código 50);;;;
27;51;Sin nombre (código 51);;;;
27;52;Picatop;;;;
27;61;Sin nombre (código 61);;;;
27;62;Sin nombre (código 62);;;;
27;63;Marroxo;;;;
27;64;Augalevada;;;;
27;65;Moa;;;;
27;66;Pia Paxaro;;;;
27;70;Sin nombre (código 70);;;;
27;71;Sin nombre (código 71);;;;
27;72;Sin nombre (código 72);;;;
27;73;Sin nombre (código 73);;;;
27;75;Oribio;;;;
27;82;Santa Cruz;;;;
27;83;P. Rodas;;;;
27;84;Peñote;;;;
27;85;Sin nombre (código 85);;;;
27;92;Penedo do Galo;;;;
27;93;Penedo do Galo;;;;
27;98;Sin nombre (código 98);;;;
27;99;Vigilante de otra provincia;;;;
27;100;Coto do Pilar;0;0;0;
28;0;No determinado;;;;
28;1;Majafrades;;;;
28;2;La Maleza;;;;
28;3;Paredes;;;;
28;4;Gustarllano;;;;
28;5;Carratazar;;;;
28;6;Cinco Villas;;;;
28;7;Collado Vihuelas;;;;
28;8;El Espartal;;;;
28;9;Cabeza Mediana;;;;
28;10;Cachiporrilla;;;;
28;11;La Atalaya;;;;
28;12;Pico de La Braña;;;;
28;13;La Camorza;;;;
28;14;Dehesa San Sebastian;;;;
28;15;La Solana;;;;
28;16;El Mojón;;;;
28;17;Cerro del Telégrafo;;;;
28;18;Matamora;;;;
28;19;Dehesa Nueva;;;;
28;20;Cerro de la Mira;;;;
28;21;Cerro del Viso;;;;
28;22;La Cespejosa;;;;
28;23;El Val;;;;
28;24;La Marañosa;;;;
28;25;La Casita;;;;
28;26;Altar Mayor;;;;
28;27;Peña Cadalso;;;;
28;28;Peña Cenicientos;;;;
28;29;La Almenara;;;;
28;30;Peña del Sol;;;;
28;31;La Peñota;;;;
28;32;Cerro de las Cabezas;;;;
28;33;La Gamonosa;;;;
28;34;El Romeral;;;;
28;35;Cabeza de Villaverde;;;;
28;36;Cerro de las Hondas;;;;
28;37;Cerro de La Marmota;;;;
28;38;Dehesa de Navalcarnero;;;;
28;39;Dehesa de Valdelatas;;;;
28;40;Portillejo;;;;
28;41;Las Rozas de Madrid;;;;
28;42;El Sotillo;;;;
28;43;Valdeyerno;;;;
28;44;Peña del Aguila;;;;
28;45;Torre de Garganta;;;;
28;46;Torre de Valdilecha;;;;
28;47;Torre de Zarzalejo;;;;
28;48;Matalasgrajas;;;;
28;49;Ecce Homo;;;;
28;50;Torre de Arganda;;;;
28;57;CAMARA NAVAS DEL REY;30;393804;4466486;
28;58;CAMARA CERRO LA MIRA;30;385274;4465410;
28;59;CAMARA INTA-NASA;30;392001;4474530;
28;99;Vigilante de otra provincia;;;;
29;0;No determinado;;;;
29;1;CEDEFO Ronda;;;;
29;10;Juana Díaz;;;;
29;11;Abejas;;;;
29;12;Porrejón;;;;
29;13;Allanadillas;;;;
29;14;Jardón;;;;
29;15;Ventilla;;;;
29;16;Vent. Las Corchas;;;;
29;17;El Castillo;;;;
29;18;Ronda;;;;
29;19;Golondrinas;;;;
29;21;Fuente la Reina;;;;
29;22;Canillas;;;;
29;23;Cerro del Aguila;;;;
29;24;Alaminos;;;;
29;25;Alcaucin;;;;
29;26;El Chorro;;;;
29;27;Guerrero;;;;
29;28;La Robla;;;;
29;29;Ermitilla;;;;
29;30;Pilone;;;;
29;31;Sin nombre (código 31);;;;
29;32;Castillejos;;;;
29;99;Vigilante de otra provincia;;;;
30;0;No determinado;;;;
30;1;Garita de Moratalla;;;;
30;2;Garita La Rogativa;;;;
30;3;Garita del Nevazo;;;;
30;4;La Serrata;;;;
30;5;Cehegin;;;;
30;6;Pliego;;;;
30;7;La Castellana;;;;
30;8;La Santa;;;;
30;9;Turullon;;;;
30;10;Carrascoy;;;;
30;11;Los Cuadros;;;;
30;12;Sierra de La Pila;;;;
30;13;Ricote;;;;
30;14;Garita Cieza;;;;
30;15;Calasparra;;;;
30;16;La Santa-Jumilla;;;;
30;17;Yecla;;;;
30;18;Mazarron;;;;
30;19;Los Gavilanes;;;;
30;20;El Amirez;;;;
30;21;El Cerrillar;;;;
30;22;Garita Algarrobos;;;;
30;23;Salinas;;;;
30;24;La Selva;;;;
30;25;Los Gamonares;;;;
30;99;Vigilante de otra provincia;;;;
31;0;No determinado;;;;
31;1;Esparza;;;;
31;2;Guesa;;;;
31;3;Las Coronas;;;;
31;4;Arangoiti;;;;
31;5;Rala;;;;
31;6;Eslava;;;;
31;7;Vigas;;;;
31;8;Busquil;;;;
31;9;El Perdón;;;;
31;10;Guirguillano;;;;
31;11;San Gregorio;;;;
31;12;Aguilar de Codes;;;;
31;13;Viloria;;;;
31;14;Fitero;;;;
31;15;San Cristóbal;;;;
31;16;Usechi;;;;
31;18;Sin nombre (código 18);;;;
31;99;Vigilante de otra provincia;;;;
32;0;No determinado;;;;
32;1;Sin nombre (código 1);;;;
32;2;Sin nombre (código 2);;;;
32;3;Sin nombre (código 3);;;;
32;4;Sin nombre (código 4);;;;
32;5;Sin nombre (código 5);;;;
32;6;Sin nombre (código 6);;;;
32;7;Sin nombre (código 7);;;;
32;9;Sin nombre (código 9);;;;
32;10;Sin nombre (código 10);;;;
32;11;Motas y Viso;;;;
32;12;Entrimo;;;;
32;13;Albite;;;;
32;14;San Cibrao;;;;
32;15;Sin nombre (cógigo 15);;;;
32;17;Sin nombre (código 17);;;;
32;19;Sin nombre (código 19);;;;
32;21;Monzón;;;;
32;22;La Escrita;;;;
32;23;Sin nombre (código 23);;;;
32;24;Sin nombre (código 24);;;;
32;25;Sin nombre (código 25);;;;
32;26;Sin nombre (código 26);;;;
32;27;Sin nombre (código 27);;;;
32;28;Sin nombre (código 28);;;;
32;29;Sin nombre (código 29);;;;
32;31;Fenteira;;;;
32;32;Magdalena;;;;
32;33;A Peroxa;;;;
32;38;Sin nombre (código 38);;;;
32;40;Sin nombre (código 40);;;;
32;41;La Moa;;;;
32;42;O Burgo;;;;
32;50;Sin nombre (código 50);;;;
32;51;Penedo da Lebre;;;;
32;52;Petaros;;;;
32;53;Penama;;;;
32;54;Sin nombre (código 54);;;;
32;61;Coto de Castro;;;;
32;62;Sierra de La Peña;;;;
32;63;Cabeza de Meda;;;;
32;64;Coto Novelle;;;;
32;65;Portela;;;;
32;69;Sin nombre (código 69);;;;
32;71;Peña Nofre;;;;
32;72;Sierra de Meda;;;;
32;73;Mayor;;;;
32;74;Sin nombre (código 74);;;;
32;80;Sin nombre (código 80);;;;
32;81;Covelo;;;;
32;82;Sierra Dalorta;;;;
32;83;Testeiro;;;;
32;84;Centinelas;;;;
32;85;Sin nombre (código 85);;;;
32;86;Sin nombre (código 86);;;;
32;91;Peña Loba;;;;
32;92;Larouco;;;;
32;93;Marroxo - Monforte de Lemos;0;0;0;
32;99;Vigilante de otra provincia;;;;
33;0;No determinado;;;;
33;1;Sin nombre (código 1);;;;
33;5;Sin nombre (código 5);;;;
33;10;Ouroso;;;;
33;20;Piedras Apañadas;;;;
33;30;Connio;;;;
33;40;Aguion;;;;
33;50;Abedul;;;;
33;60;Fario;;;;
33;61;Sin nombre (código 61);;;;
33;70;Segenco;;;;
33;80;Base de Tineo;;;;
33;99;Vigilante de otra provincia;;;;
34;0;No determinado;;;;
34;1;Astudillo;;;;
34;2;La Cerra;;;;
34;3;Indiviso;;;;
34;4;Monte Viejo;;;;
34;5;Morcorio;;;;
34;6;Valdemorata;;;;
34;7;Rodiles;;;;
34;8;Cocoto;;;;
34;9;Corcos;;;;
34;10;Cueva Dorada;;;;
34;11;Peña Pico;;;;
34;12;Peña Tremaya;;;;
34;13;Santa Lucia;;;;
34;14;Central Palencia;;;;
34;15;Villaconancio;;;;
34;99;Vigilante de otra provincia;;;;
35;0;No determinado;;;;
35;1;Atalayón de Ariñen;;;;
35;2;Sin nombre (código 2);;;;
35;3;Marinos y Sandara;;;;
35;4;La Bandera;;;;
35;5;Moriscos;;;;
35;6;Lomo Pleito;;;;
35;7;Cruz Grande;;;;
35;8;Pinos de Galdar;;;;
35;9;Area Recreativa S.José del Alamo;;;;
35;10;Pinos de Galdar;;;;
35;11;Morro de Hierba Huerto;;;;
35;12;Alto de La Gorra;;;;
36;0;No determinado;;;;
36;1;Xiabre;;;;
36;2;Xesteiras;;;;
36;3;Castrove;;;;
36;4;Morrazo;;;;
36;5;Ons;;;;
36;6;Cornoa;;;;
36;7;Hadanela;;;;
36;8;San Sebastian;;;;
36;9;Pedrouzos;;;;
36;10;San Felipe;;;;
36;11;Cies;;;;
36;12;Coirego;;;;
36;13;Galleiro;;;;
36;14;Castrelada;;;;
36;15;Espiño;;;;
36;16;Ceo;;;;
36;17;San Nomedio;;;;
36;18;Montouto;;;;
36;19;Galiñeiro;;;;
36;20;Burgueira;;;;
36;21;Mougas;;;;
36;22;Candan;;;;
36;23;Domayo;;;;
36;24;Vigilante 24;;;;
36;25;Vigilante 25;;;;
36;26;Vigilante 26;;;;
36;27;Vigilante 27;;;;
36;28;Vigilante 28;;;;
36;29;Vigilante 29;;;;
36;30;Vigilante 30;;;;
36;31;Vigilante 31;;;;
36;32;Vigilante 32;;;;
36;33;Vigilante 33;;;;
36;34;Vigilante 34;;;;
36;35;Vigilante 35;;;;
36;36;Vigilante 36;;;;
36;40;Vigilante 40;;;;
36;41;Vigilante 41;;;;
36;42;Vigilante 42;;;;
36;43;Vigilante 43;;;;
36;44;Vigilante 44;;;;
36;45;Vigilante 45;;;;
36;46;Vigilante 46;;;;
36;50;Vigilante 50;;;;
36;60;Vigilante 60;;;;
36;61;Vigilante 61;;;;
36;62;Vigilante 62;;;;
36;64;Vigilante 64;;;;
36;72;Vigilante 72;;;;
36;85;Vigilante 85;;;;
36;99;Vigilante de otra provincia;;;;
37;0;No determinado;;;;
37;1;Oficina Central;;;;
37;2;Peña Negra;;;;
37;3;Paso Malo;;;;
37;4;Teso de las Palomas;;;;
37;5;Peña Carbonera;;;;
37;6;Peña de Francia;;;;
37;7;Alto del Copero;;;;
37;8;Baldio y Sierra;;;;
37;9;Pozo de los Moros;;;;
37;10;Jalama;;;;
37;11;Pozo Airon;;;;
37;12;Pico Cervero;;;;
37;13;Sierra del Cubo;;;;
37;14;Cerezal de Peñahorcada;;;;
37;99;Vigilante de otra provincia;;;;
38;0;No determinado;;;;
38;1;Tirimaga;;;;
38;2;Torre Tricias;;;;
38;3;Sin nombre (código 3);;;;
38;4;Sin nombre (código 4);;;;
38;5;Sin nombre (código 5);;;;
38;6;Sin nombre (código 6);;;;
38;7;Sin nombre (código 7);;;;
38;8;Sin nombre (código 8);;;;
38;9;Sin nombre (código 9);;;;
38;45;Torre Bolico;;;;
38;48;Base de la Guancha;;;;
38;63;El Time;;;;
38;64;Torre incendios Mercadel;0;0;0;
38;65;Ajonce;0;0;0;
38;66;Jinama;0;0;0;
38;67;Hoya del Pino;0;0;0;
38;68;Hoya del Morcillo;0;0;0;
38;69;Tajusara;0;0;0;
38;70;Tembárgena;0;0;0;
38;71;Tanajara;0;0;0;
38;72;Montaña Bermeja;0;0;0;
39;0;No determinado;;;;
39;1;Negreo;;;;
39;2;Bustillo;;;;
39;3;Vidrio;;;;
39;4;Obios;;;;
39;5;Caballar;;;;
39;6;Helipuerto;0;0;0;
39;99;Vigilante de otra provincia;;;;
40;0;No determinado;;;;
40;1;Sequero de Coca;;;;
40;2;Coca;;;;
40;3;Samboal;;;;
40;4;Pinar de Villa;;;;
40;5;Cuellar;;;;
40;6;Fuentemacanda;;;;
40;7;Gomezserracín;;;;
40;8;Majalcarro;;;;
40;9;Lagunillas;;;;
40;10;Picardeñas;;;;
40;12;Cabeza Reina;;;;
40;13;Sequero de San Rafael;;;;
40;15;Villacastín;;;;
40;16;Carbonero;;;;
40;17;Pinilla;;;;
40;18;San Cristóbal;;;;
40;19;Pasapán;;;;
40;20;Cantalejo;;;;
40;21;Cerro de la Horca;;;;
40;22;Turégano;;;;
40;23;El Rebollo;;;;
40;24;El Serretón;;;;
40;25;Pradales;;;;
40;26;Los Comunes;;;;
40;27;Valdevacas;;;;
40;28;El Berrocal;;;;
40;29;Torrecaballeros;;;;
40;30;La Camorca;;;;
40;31;Matabueyes;;;;
40;32;Santibáñez-La Tonda;;;;
40;33;Castroserma;;;;
40;34;Tolocirio;;;;
40;99;Vigilante de otra provincia;;;;
41;0;No determinado;;;;
41;1;SV-203 Cerro Negro (Castillo Guardas);;;;
41;2;SV-119 Las Navas (Almadén Plata);;;;
41;3;Grupo Ordenado;;;;
41;4;SV-116 El Jerre (Coripe);;;;
41;5;SV-201 Madroñalejo (Aznalcóllar);;;;
41;6;SV-204 La Canaleja (Gerena);;;;
41;7;SV-104 Dehesa de Upa (Cazalla);;;;
41;9;SV-205 Los Montes (Puebla del Río);;;;
41;10;Sierra San Pablo;;;;
41;11;SV-118 Los Charquillos (Morón Ftra);;;;
41;12;SV-113 Sierra Gilena;;;;
41;13;El Robledo;;;;
41;14;Sierra Almadenes;;;;
41;15;SV-110 Dehesa Boyal (Alcolea del Río);;;;
41;16;Las Jarillas;;;;
41;17;Pico de Hamapega;;;;
41;18;SV-108 San Cristóbal (Puebla Infantes);;;;
41;19;Los Serruchos;;;;
41;20;Los Higuerones;;;;
41;21;Isla Margarita;;;;
41;22;El Martinete;;;;
41;23;SV-120 Sierra Padrona (Real Jara);;;;
41;24;SV-107 El Retortillo (Las Navas C.);;;;
41;25;Sin nombre (código 25);;;;
41;26;SV-101 Sierra de Lima (El Pedroso);;;;
41;27;SV-102 Sierra del Viento (Guadalcanal);;;;
41;28;SV-103 Cerro Gallego (Alanís);;;;
41;29;SV-109 Matallana (Lora del Río);;;;
41;30;SV-202 Sierra Blanquilla (El Madroño);;;;
41;31;SV-106 Cerro Negrillo (Constantina);;;;
41;32;SV-114 Badolatosa;;;;
41;33;SV-111 Cruz Alta (Castilblanco);;;;
41;35;SV-206 Villamanrique de la Condesa;;;;
41;36;SV-117 Montellano;;;;
41;37;SV-207 Aznalcázar;;;;
41;38;SV-112 Osuna;;;;
41;39;SV-115 Los Corrales;;;;
41;99;Vigilante de otra provincia;;;;
42;0;No determinado;;;;
42;1;Almazán;;;;
42;2;Andaluz;;;;
42;3;Brabojos;;;;
42;4;Cabeza Alta;;;;
42;5;Cubillos;;;;
42;6;El Mirador;;;;
42;7;Alto tres Fuentes (El Muchachón);;;;
42;8;El Santo;;;;
42;9;Espejón;;;;
42;10;2º Grupo;;;;
42;11;El Berrocal (La Modorra);;;;
42;12;La Peñota;;;;
42;13;Las Veceas;;;;
42;14;Los Poyales;;;;
42;15;Lubia;;;;
42;16;Mataelhornillo;;;;
42;17;La Atalaya (Mataliendre);;;;
42;18;Matamala;;;;
42;19;Mojón Pardo;;;;
42;20;Montenegro;;;;
42;21;Molinos;;;;
42;22;Otero Mayor;;;;
42;23;Pajarejos;;;;
42;24;Panderin;;;;
42;25;San Cristóbal;;;;
42;26;Taniñe;;;;
42;27;El Madero;;;;
42;28;Tardelcuende;;;;
42;29;Toranzo;;;;
42;30;Valdenebro;;;;
42;31;Ventosinos;;;;
42;32;Villaciervos;;;;
42;33;Central;;;;
42;34;Coronilla - Arcos de Jalón;;;;
42;35;Hinodejo;;;;
42;36;Deza;30;579142;4595814;
42;99;Vigilante de otra provincia;;;;
43;0;No determinado;;;;
43;1;Montagut;;;;
43;2;La Baltasana;;;;
43;3;Creu de Santos;;;;
43;4;Montenegrelo;;;;
43;5;Plans de Sant Joan;;;;
43;6;Punta Alta;;;;
43;7;Engrillo;;;;
43;8;Caro;;;;
43;9;Llaberia;;;;
43;10;Sant Pau;;;;
43;11;Miramar;;;;
43;12;Ermita de Berrus;;;;
43;13;La Serra;;;;
43;14;La Cova;;;;
43;15;Cantallops;;;;
43;16;Puigcerver;;;;
43;17;La Mussara;;;;
43;18;Coll de La Mola;;;;
43;19;Cerro Gordo;;;;
43;23;Sin nombre (código 23);;;;
43;51;Sin nombre (código 51);;;;
43;53;Sin nombre (código 53);;;;
43;56;Sin nombre (código 56);;;;
43;57;Sin nombre (código 57);;;;
43;58;Sin nombre (código 58);;;;
43;59;Sin nombre (código 59);;;;
43;60;Sin nombre (código 60);;;;
43;62;Sin nombre (código 62);;;;
43;63;Sin nombre (código 63);;;;
43;64;Sin nombre (código 64);;;;
43;65;Sin nombre (código 65);;;;
43;89;Sin nombre (código 89);;;;
43;99;Vigilante de otra provincia;;;;
44;0;No determinado;;;;
44;1;Sin nombre (código 1);;;;
44;3;Sin nombre (código 3);;;;
44;5;Sin nombre (código 5);;;;
44;6;Sin nombre (código 6);;;;
44;7;Sin nombre (código 7);;;;
44;9;Sin nombre (código 9);;;;
44;10;Sin nombre (código 10);;;;
44;12;Alto de la Cruz;30;637765;4532908;
44;13;Puerto Minguez;30;665359;4522351;
44;14;Cabezo San Antón;30;663939;4543945;
44;15;Puerto Pinar;30;693807;4552997;
44;16;Peña del Gato;30;709893;4543790;
44;17;Monroyo;30;749542;4519789;
44;18;Perigañol;30;762785;4523606;
44;19;Las Ventas de Valdealgorfa;30;750338;4540218;
44;20;Cabezo de la  Aliaga;30;683468;4527534;
44;21;San Just;30;687492;4515224;
44;22;Majalinos;30;701469;4514684;
44;23;Muela Mujer;30;712300;4501810;
44;24;Capellania;30;709824;4491632;
44;25;Tamborero;30;722287;4481141;
44;26;Bramaderas;30;711366;4474876;
44;27;Cabezo Alto;30;677268;4469680;
44;28;Peña Arcil;30;694274;4464365;
44;29;El Val;30;669314;4446901;
44;30;Caña Sierra;30;669283;4434087;
44;31;Sierra Carbonera;30;640014;4469365;
44;32;Peña La Cruz;30;640057;4462472;
44;33;Javalon;30;634271;4453850;
44;34;La Sarriosa;30;622413;4461286;
44;35;El Cuerno;30;617638;4464033;
44;36;El Portillo;30;607359;4469266;
44;37;La Cruz de Santa Barbara;30;608247;4475530;
44;38;Peña Blanca;30;612912;4480048;
44;39;Sierra Alta;30;619534;4482376;
44;40;Cerro Marinero;30;612354;4492001;
44;41;Santa Isabel;30;701838;4450913;
44;50;Sin nombre (código 50);;;;
44;59;Alto de Fonfria;30;658750;4539781;
44;60;Cerro Pelado;30;683705;4430225;
44;67;El Morrón;30;724714;4510317;
44;68;San Cristóbal;30;767915;4544645;
44;69;Cerro Antona;30;705180;4463326;
44;70;Sierra Molinera;30;754340;4522769;
44;99;Vigilante de otra provincia;;;;
45;0;No determinado;;;;
45;1;Almorox;;;;
45;2;Pielago;;;;
45;3;La Iruela;;;;
45;4;Calderina;;;;
45;5;Castillazo;;;;
45;6;Cerro de Añover;;;;
45;7;Cerro de la Estrella;;;;
45;8;Valdeverdeja;;;;
45;9;Tierras de Talavera;;;;
45;10;Dehesa Boyal;;;;
45;11;Hontanar;;;;
45;12;Los Algibes;;;;
45;13;Lobera;;;;
45;14;Quinto de Mora;;;;
45;15;La Iglesuela;;;;
45;31;Sin determinar (Código 31);0;0;0;
45;95;Vigilante Ciudad Real;;;;
45;96;Vigilante Cáceres;;;;
45;97;Vigilante Cuenca;;;;
45;98;Vigilante Avila;;;;
45;99;Vigilante de otra provincia;;;;
45;100;San Pablo de los Montes;0;0;0;
46;0;No determinado;;;;
46;1;El Gavilán;30;661114;4437460;
46;2;El Cabezo;;;;
46;3;La Travina;30;657417;4419809;
46;4;Buena Leche;30;665494;4408488;
46;5;Pico del Remedio;30;672133;4404827;
46;6;Cerro Simón;30;684775;4409541;
46;7;Alto del Pino;30;722918;4396706;
46;8;Cabezo del Aguila;;;;
46;9;Cerillar;;;;
46;10;Pico Ropé;30;673386;4387675;
46;11;El Picayo;;;;
46;12;Cerro la Mata;;;;
46;13;Cerro Carpio;30;652730;4398807;
46;14;Moluengo;30;633729;4372108;
46;15;Sierra Negrete;;;;
46;16;Montote;;;;
46;17;Sierra Martés;0;0;0;
46;18;Sierra del Ave;30;691550;4352991;
46;19;Las Hierbas;30;686574;4378208;
46;20;La Hunde;30;654608;4325980;
46;21;Casa del Barón;;;;
46;22;Caroche;30;680343;4328791;
46;23;Mondúver;30;736694;4321362;
46;24;Benicadell;30;725338;4302202;
46;25;Alto de Alcola;30;670809;4342677;
46;26;Palmeral;30;706305;4333457;
46;27;Vallada;30;702102;4303710;
46;28;Caperucho;30;681668;4296784;
46;29;El Castillico;30;656233;4334409;
46;30;Central de Valencia;;;;
46;31;El Saler 1;;;;
46;32;El Saler 2;;;;
46;33;Sin nombre (código 33);;;;
46;34;Misserat;;;;
46;35;Las Boqueras;;;;
46;36;Casa del Doctor;30;654192;4360227;
46;37;Alto Negro;30;675764;4415379;
46;38;Valdesierras;30;658453;4404366;
46;40;La Herrada;30;669584;4366547;
46;41;Besori;30;713045;4353320;
46;42;Monte Mayor;30;690851;4332170;
46;99;Vigilante de otra provincia;;;;
47;0;No determinado;;;;
47;1;Pesquera;;;;
47;2;Carrascal;;;;
47;3;Esguevillas;;;;
47;4;Santibañez;;;;
47;5;Arenas;;;;
47;6;Iscar;;;;
47;7;Mojados;;;;
47;8;Olmedo;;;;
47;9;Monteblanco;;;;
47;10;Tordesillas;;;;
47;11;La Santa Espina;;;;
47;12;Mucientes;;;;
47;13;Castronuño;;;;
47;14;Villabañez;0;0;0;
47;15;Curto;0;0;0;
47;99;Vigilante de otra provincia;;;;
48;0;No determinado;;;;
49;0;No determinado;;;;
49;1;Zamora;;;;
49;2;Santiago;;;;
49;3;Villarino (Alcorcillo);;;;
49;4;Villardeciervos;;;;
49;5;Pedralba de la Pradería;;;;
49;6;Robledo;;;;
49;7;Alto de Villarejo;;;;
49;8;Alto de Muelas;;;;
49;9;Nuez de Aliste;;;;
49;10;Alto de Mahide;;;;
49;11;Sagallos;;;;
49;12;Moveros;;;;
49;13;La Canda;;;;
49;14;La Pedrizona;;;;
49;15;Carmona;;;;
49;16;Congosta;;;;
49;17;Arrabalde;;;;
49;18;Teso Santo;;;;
49;19;Ermita Gracia;;;;
49;20;Peleagonzalo;;;;
49;21;Sin nombre (código 21);;;;
49;22;El Raso - Villalpando;;;;
49;50;Sin nombre (código 50);;;;
49;98;Sin nombre (código 98);;;;
49;99;Vigilante de otra provincia;;;;
50;0;No determinado;;;;
50;1;Sin nombre (codigo 1);;;;
50;5;Sin nombre (código 5);;;;
50;6;Sin nombre (código 6);;;;
50;7;Sin nombre (codigo 7);;;;
50;8;Sin nombre (código 8);;;;
50;9;Sin nombre (código 9);;;;
50;11;Sin nombre (código 11);;;;
50;41;Puysevilla;30;668751;4675192;
50;42;Vidiella;30;659557;4717257;
50;43;La Magdalena;30;657150;4709877;
50;44;Puy Mone;30;665557;4697383;
50;45;Santa Quiteria (Huesca);;;;
50;46;Palomera;30;674280;4643045;
50;47;Santuario Misericordia;30;616717;4633761;
50;48;San Cristóbal;30;608980;4611029;
50;49;Virgen de la Sierra;30;604848;4599406;
50;50;Pico del Rayo;30;627027;4579923;
50;51;Virgen del Aguila;30;648481;4567831;
50;52;El Yugo;30;764367;4570743;
50;53;Santa Cruz;30;620426;4552397;
50;54;Cruz de San Vicente;30;746458;4580751;
50;55;Alto del Campillo;30;596018;4558602;
50;56;Grisel;;;;
50;57;Moros;;;;
50;58;Carnicero;30;677472;4587107;
50;59;Puchinebro;;;;
50;60;Puyesteban;30;720239;4612321;
50;61;Alto de la Liebre;30;578820;4569105;
50;62;El Viso;30;594137;4579198;
50;63;San José;30;603449;4635832;
50;64;La Nevera;30;637399;4578531;
50;65;;;;;
50;66;Sin nombre (código 66);;;;
50;67;Peñaflor;30;687895;4623557;
50;68;Virgen de Herrera;30;658865;4559121;
50;99;Vigilante de otra provincia;;;;
51;0;No determinado;;;;
52;0;No determinado;;;;
