IdComunidad;IdComarcaIsla;Nombre
1;55;ARRASATE
1;100;INDETERMINADA (VI)
1;101;CANTABRICA
1;102;ESTRIB. DEL GORBEA
1;103;LLANADA
1;104;RIBERAS
1;105;MONTAÑA
1;106;RIOJA ALAVESA
1;2000;INDETERMINADA (SS)
1;2001;BIDASOA BEHEREA
1;2002;DEBA BEHEREA
1;2003;DEBA GARAIA
1;2004;DONOSTIALDEA
1;2005;GOIERRI
1;2006;TOLOSALDEA
1;2007;UROLA-KOSTALDEA
1;4800;INDETERMINADA (BI)
1;4801;PLENTZIA-MUNGIA
1;4802;GERNIKA-BERMEO
1;4803;DURANGUESADO
1;4804;MARKINA
1;4805;ARRATIA-NERBION
1;4806;ENCARTACIONES
1;4807;GRAN BILBAO
2;0;INDETERMINADA
2;1;ALT CAMP
2;2;ALT EMPORDA
2;3;ALT PENEDES
2;4;ALT URGELL
2;5;ALTA RIBAGORZA
2;6;ANOIA
2;7;BAGES
2;8;BAIX CAMP
2;9;BAIX EBRE
2;10;BAIX EMPORDA
2;11;BAIX LLOBREGAT
2;12;BAIX PENEDES
2;13;BARCELONES
2;14;BERGEDA
2;15;CERDANYA
2;16;CONCA DE BARBERA
2;17;GARRAF
2;18;LES GARRIGES
2;19;LA GARROTXA
2;20;EL GIRONES
2;21;MARESME
2;22;MONSIA
2;23;LA NOGERA
2;24;OSONA
2;25;PALLARS JUSSA
2;26;PALLARS SOBIRA
2;27;PLA D URGELL
2;28;PLA D ESTANY
2;29;PRIORAT
2;30;RIBERA D EBRE
2;31;RIPOLLES
2;32;LA SEGARRA
2;33;EL SEGRIA
2;34;LA SELVA
2;35;SOLSONES
2;36;TARRAGONES
2;37;TERRA ALTA
2;38;L URGELL
2;39;VAL D ARAN
2;40;VALLS OCCIDENTAL
2;41;VALLS ORIENTAL
3;1500;INDETERMINADA (C)
3;1501;FERROL
3;1502;BERGANTIÑOS-MARIÑAS COR
3;1503;SANTIAGO-MESETA INTERIOR
3;1504;BARBANZA
3;1505;FISTERRA
3;2700;INDETERMINADA (LU)
3;2706;A MARIÑA LUCENSE
3;2707;FONSAGRADA-OS ANCARES
3;2708;TERRA DE LEMOS
3;2709;LUGO-SARRIA
3;2710;TERRA CHA
3;3200;INDETERMINADA (OU)
3;3211;O RIBEIRO-ARENTEIRO
3;3212;MIÑO-ARNOIA
3;3213;VALDEORRAS-TRIVES
3;3214;VERIN-VIANA
3;3215;A LIMIA
3;3600;INDETERMINADA (PO)
3;3616;DEZA-TABEIROS
3;3617;O CONDADO-A PARANDATA
3;3618;VIGO-BAIXO MIÑO
3;3619;CALDAS-O SALNES
4;400;INDETERMINADA (AL)
4;401;ALPUJARRA ALMERIENSE
4;402;ALMERÍA
4;403;LOS VELEZ
4;404;ESTANCIAS-LUCAR
4;405;LEVANTE ALMERIENSE
4;406;PONIENTE ALMERIENSE
4;407;SIERRA DE FILABRES
4;408;SIERRA NEVADA  (AL)
4;1100;INDETERMINADA (CA)
4;1101;BAHIA DE CADIZ
4;1102;CAMPIDA DE JEREZ
4;1103;CAMPO DE GIBRALTAR
4;1104;COSTA NOROESTE
4;1105;LA JANDA
4;1106;SIERRA DE CADIZ
4;1400;INDETERMINADA (CO)
4;1401;ALTO GUADALQUIVIR
4;1402;CORDOBA
4;1403;SUB-BETICA
4;1404;VALLE DE LOS PEDROCHES
4;1405;VALLE DEL GUADIATO
4;1406;VALLE MEDIO DEL GUADALQUIVIR
4;1800;INDETERMINADA (GR)
4;1801;ALPUJARARRA GRANADINA
4;1802;ALHAMA
4;1803;BAZA
4;1804;GUADIX
4;1805;HUESCAR
4;1806;LOJA
4;1807;LOS MONTES
4;1808;SIERRA NEVADA (GR)
4;1809;SIERRAS LITORALES
4;1810;VALLE DE LECRIN
4;1811;VEGA DE GRANADA
4;2100;INDETERMINADA (H)
4;2101;HUELVA
4;2102;COSTA OCCIDENTAL
4;2103;CUENCA MINERA
4;2104;EL ANDEVALO
4;2105;EL CONDADO
4;2106;SIERRA DE HUELVA
4;2300;INDETERMINADA (J)
4;2301;JAEN
4;2302;EL CONDADO_JAEN
4;2303;LA LOMA
4;2304;LAS VILLAS
4;2305;SIERRA DE CAZORLA
4;2306;SIERRA DE SEGURA
4;2307;SIERRA MAGINA
4;2308;SIERRA MORENA
4;2309;SIERRA SUR_JAEN
4;2900;INDETERMINADA (MA)
4;2901;ANTEQUERA
4;2902;MALAGA
4;2903;COSTA DEL SOL
4;2904;LA AXARQUIA
4;2905;SERRANIA DE RONDA
4;2906;VALLE DE GUADALHORCE
4;4100;INDETERMINADA (SE)
4;4101;ALJARAFE
4;4102;SEVILLA
4;4103;SIERRA NORTE
4;4104;SIERRA SUR
4;4105;VEGA DEL GUADALQUIVIR
5;3300;INDETERMINADA
5;3301;EO-NAVIA
5;3302;NARCEA
5;3303;AVILES
5;3304;OVIEDO
5;3305;GIJON
5;3306;CAUDAL
5;3307;NALON
5;3308;ORIENTE
6;3900;INDETERMINADA
6;3901;COMARCA 1
6;3902;COMARCA 2
6;3903;COMARCA 3
6;3904;COMARCA 4
6;3905;COMARCA 5
6;3906;COMARCA 6
6;3907;COMARCA 7
6;3908;COMARCA 8
6;3909;COMARCA 9
6;3910;COMARCA 10
6;3911;COMARCA 11
6;3912;COMARCA 12
6;3913;COMARCA 13
7;2600;INDETERMINADA
7;2610;OJA
7;2611;CARDENAS
7;2612;RIOJA ALTA
7;2620;MANCOMUNIDAD
7;2621;VINIEGRAS
7;2622;ANGUIANO-MATUTE-TOBIA
7;2623;NAJERA
7;2630;ORTIGOSA
7;2631;ALTO LEZA
7;2632;BAJO LEZA
7;2633;LOGROÑO
7;2640;ALTO CIDACOS
7;2641;ALTO ALHAMA
7;2642;OCON
7;2643;CALAHORRA
7;2650;PARQUE NATURAL
8;3000;INDETERMINADA
8;3001;ALTIPLANO
8;3002;CENTRO
8;3003;CENTRO-OESTE
8;3004;CENTRO-ESTE
8;3005;NOROESTE
8;3006;MAR MENOR
9;300;INDETERMINADA (A)
9;326;EL COMTAT
9;327;L ALCOIA
9;328;L ALT VINALOPO
9;329;EL VINALOPO MITJA
9;330;LA MARINA ALTA
9;331;LA MARINA BAIXA
9;332;L ALACANTI
9;333;EL BAIX VINALOPO
9;334;EL BAIX SEGURA (LA VEGA BAJA)
9;1200;INDETERMINADA (CS)
9;1201;ELS PORTS
9;1202;L ALT MAESTRAT
9;1203;EL BAIX MAESTRAT
9;1204;L ALCALATEN
9;1205;LA PLANA ALTA
9;1206;LA PLANA BAIXA
9;1207;L ALT PALANCIA
9;1208;L ALT MILLARS
9;4600;INDETERMINADA (V)
9;4609;RACO D ADEMUS
9;4610;ELS SERRANS
9;4611;EL CAMP DE TURIA
9;4612;EL CAMP DE MORVERDRE
9;4613;L HORTA NORD
9;4614;L HORTA OEST
9;4615;VALENCIA
9;4616;L HORTA SUD
9;4617;LA PLANA D UTIEL-REQUENA
9;4618;LA FOIA DE BUNYOL
9;4619;LA VALL D AYORA
9;4620;LA RIBERA ALTA
9;4621;LA RIBERA BAIXA
9;4622;LA CANAL DE NAVARRES
9;4623;LA COSTERA
9;4624;LA VALL D ALBAIDA
9;4625;LA SAFOR
10;0;INDETERMINADA
10;1;LA JACETANIA
10;2;ALTO GÁLLEGO
10;3;SOBRARBE
10;4;RIBAGORZA
10;5;CINCO VILLAS
10;6;HOYA DE HUESCA/PLANA DE UESCA
10;7;SOMONTANO DE BARBASTRO
10;8;CINCA MEDIO
10;9;LA LITERA/LA LLITERA
10;10;MONEGROS
10;11;BAJO CINCA/BAIX CINCA
10;12;TARAZONA Y EL MONCAYO
10;13;CAMPO DE BORJA
10;14;ARANDA
10;15;RIBERA ALTA DEL EBRO
10;16;VALDEJALÓN
10;17;ZARAGOZA
10;18;RIBERA BAJA DEL EBRO
10;19;BAJO ARAGÓN-CASPE/BAIX ARAGÓ-CASP
10;20;COMUNIDAD DE CALATAYUD
10;21;CAMPO DE CARIÑENA
10;22;CAMPO DE BELCHITE
10;23;BAJO MARTÍN
10;24;CAMPO DE DAROCA
10;25;JILOCA
10;26;CUENCAS MINERAS
10;27;ANDORRA-SIERRA DE ARCOS
10;28;BAJO ARAGÓN
10;29;COMUNIDAD DE TERUEL
10;30;MAESTRAZGO
10;31;SIERRA DE ALBARRACÍN
10;32;GÚDAR-JAVALAMBRE
10;33;MATARRAÑA/MATARRANYA
11;0;INDETERMINADA
11;1;MANCHA
11;2;MANCHUELA
11;3;SIERRA ALCARAZ
11;4;CENTRO
11;5;ALMANSA
11;6;SIERRA SEGURA
11;7;HELLIN
11;8;MONTES NORTE
11;9;CAMPO DE CALATRAVA
11;10;MONTES SUR
11;11;PASTOS
11;12;CAMPOS DE MONTIEL
11;13;ALCARRIA
11;14;SERRANIA ALTA
11;15;SERRANIA MEDIA
11;16;SERRANIA BAJA
11;17;MANCHA BAJA
11;18;MANCHA ALTA
11;19;CAMPIÑA
11;20;SIERRA
11;21;ALCARRIA ALTA
11;22;MOLINA DE ARAGON
11;23;ALCARRIA BAJA
11;24;TALAVERA
11;25;TORRIJOS
11;26;SAGRA-TOLEDO
11;27;LA JARA
11;28;MONTES DE NAVAHERMOSA
11;29;MONTE DE LOS YEBENES
11;30;LA MANCHA
12;3500;INDETERMINADA (GC)
12;3501;FUERTEVENTURA
12;3502;LANZAROTE
12;3503;GRAN CANARIA
12;3800;INDETERMINADA (TF)
12;3804;LA GOMERA
12;3805;EL HIERRO
12;3806;LA PALMA
12;3807;TENERIFE
13;3100;INDETERMINADA
13;3101;ZONA 1
13;3102;ZONA 2
13;3103;ZONA 3
13;3104;ZONA 4
13;3105;ZONA 5
14;0;INDETERMINADA
14;1;SIERRA DE GATA
14;2;HURDES
14;3;IBORES-VILLUERCAS
14;4;MONFRAGUE
14;5;SIERRA DE SAN PEDRO
14;6;AMBROZ-JERTE Y TIETAR
14;7;CACERES-CENTRO
14;8;LA SERENA
14;9;LA SIBERIA
14;10;TENTUDIA
14;11;BADAJOZ-CENTRO
15;700;INDETERMINADA
15;701;MALLORCA
15;702;MENORCA
15;703;IBIZA
15;704;FORMENTERA
15;705;CABRERA
16;2800;INDETERMINADA
16;2801;P. NATURAL DE PEÑALARA
16;2802;LOZOYA
16;2803;BUITRAGO
16;2804;MONTEJO
16;2805;TORRELAGUNA
16;2806;ALCALA DE HENARES
16;2807;ESTE
16;2808;P. REGIONAL DEL SURESTE
16;2809;P. REGIONAL DEL RIO GUADARRAMA
16;2810;SAN MARTIN DE VALDEIGLESIAS
16;2811;ROBLEDO DE CHAVELA
16;2812;EL ESCORIAL
16;2813;PRCAM-OESTE
16;2814;PRCAM-NORTE
16;2815;PRCAM-SUR
17;500;INDETERMINADA (AV)
17;501;ARENAS DE SAN PEDRO
17;502;AREVALO
17;503;AVILA
17;504;EL BARCO DE AVILA
17;505;CUEVAS DEL VALLE
17;506;EL TIEMBLO
17;507;EL HOYO DE PINARES
17;508;NAVARREDONDA DE GREDOS
17;509;PIEDRAHITA
17;510;SOTILLO DE LA ADRADA
17;900;INDETERMINADA (BU)
17;901;ARANDA DE DUERO
17;902;BURGOS
17;903;COVARRUBIAS
17;904;ESPINOSA DE LOS MONTEROS
17;905;HUERTA DEL REY
17;906;IBEAS DE JUARROS
17;907;LERMA
17;908;MEDINA DE POMAR
17;909;MIRANDA DE EBRO
17;910;OÑA
17;911;PRADOLUENGO
17;912;QUINTANAR DE LA SIERRA
17;913;SALAS DE LOS INFANTES
17;914;SEDANO
17;915;VILLARCAYO
17;2400;INDETERMINADA (LE)
17;2401;ASTORGA
17;2402;BEMBIBRE
17;2403;BENAVIDES DE ORBIGO
17;2404;BOÑAR
17;2405;CANALES-LA MAGDALENA
17;2406;CISTIERNA
17;2407;GRADEFES
17;2408;LA BAÑEZA
17;2409;LA VECILLA-LA ROBLA
17;2410;LEON
17;2411;PONFERRADA
17;2412;RIAÑO
17;2413;SAHAGUN
17;2414;TRUCHAS
17;2415;VALENCIA DE DON JUAN
17;2416;VEGA DE ESPINAREDA
17;2417;VILLABLINO-HUERGAS DE BABIA
17;2418;VILLAFRANCA
17;3400;INDETERMINADA (P)
17;3401;ALTO CARRION
17;3402;ALTO PISUERGA
17;3403;BOEDO-OJEDA
17;3404;CAMPOO
17;3405;CAMPOS
17;3406;CERRATO
17;3407;PALENCIA
17;3408;PARAMOS-VALDAVIA
17;3700;INDETERMINADA (SA)
17;3701;LA ALBERCA
17;3702;BEJAR
17;3703;CIUDAD RODRIGO
17;3704;GUIJUELO
17;3705;PEÑARANDA DE BRACAMONTE
17;3706;ROBLEDA
17;3707;SALAMANCA
17;3708;VITIGUDINO
17;4000;INDETERMINADA (SG)
17;4001;BOCEGUILLAS
17;4002;CANTALEJO
17;4003;COCA
17;4004;CUELLAR
17;4005;EL ESPINAR
17;4006;NAVAFRIA
17;4007;NAVAS DE ORO
17;4008;RIAZA
17;4009;SANTA MARIA LA REAL DE NIEVA
17;4200;INDETERMINADA (SO)
17;4201;AGREDA
17;4202;ALMARZA
17;4203;ALMAZAN
17;4204;BAYUBAS DE ABAJO
17;4205;EL BURGO DE OSMA
17;4206;COVALEDA
17;4207;GOMARA
17;4208;NAVALENO
17;4209;SAN LEONARDO DE YAGÜE
17;4210;SAN PEDRO MANRIQUE
17;4211;SORIA
17;4212;VINUESA
17;4700;INDETERMINADA (VA)
17;4701;MEDINA DE RIOSECO
17;4702;MEDINA DEL CAMPO
17;4703;MONTEMAYOR DE PILILLA
17;4704;OLMEDO
17;4705;QUINTANILLA DE ONESIMO
17;4706;TORDESILLAS
17;4707;VALLADOLID
17;4708;VIANA DE CEGA
17;4900;INDETERMINADA (ZA)
17;4901;ALCAÑICES
17;4902;BENAVENTE
17;4903;BERMILLO DE SAYAGO
17;4904;EL PUENTE
17;4905;MOMBUEY
17;4906;PUEBLA DE SANABRIA
17;4907;TABARA
17;4908;VILLARDECIERVOS
17;4909;ZAMORA
18;5101;CEUTA
19;5201;MELILLA
99;9900;INDETERMINADA
